{
  "airway_lumen_overlay_enabled": false,
  "airway_overlay_enabled": false,
  "airway_wall_overlay_enabled": false,
  "approach": "default",
  "attenuation": 0.15,
  "case_id": "3D_slicer_files",
  "centerline_projection_distance_mm": 4.683971729444935,
  "contact_overlay_enabled": false,
  "contact_refinement_method": "raw_mesh_projection_search",
  "contact_to_airway_distance_mm": 0.19617090505236165,
  "contact_world": [
    -3.4246162375752753,
    -169.81708994730482,
    1246.6103342772133
  ],
  "cutaway_depth_mm": 0.0,
  "cutaway_mesh_source": "none",
  "cutaway_mode": "lateral",
  "cutaway_normal": [
    0.13676196725633283,
    -0.9090768077555307,
    -0.3935422746201377
  ],
  "cutaway_open_side": "left",
  "cutaway_origin": [
    -3.4246162375752753,
    -169.81708994730482,
    1246.6103342772133
  ],
  "cutaway_origin_mode": "contact",
  "cutaway_side": "auto",
  "cutaway_side_source": "physics_placeholder",
  "device_axes": {
    "display_lateral": [
      0.2748019860118619,
      -0.3468663174054622,
      0.8967539385659311
    ],
    "nB": [
      -0.2748019860118619,
      0.3468663174054622,
      -0.8967539385659311
    ],
    "nC": [
      0.06727964290454036,
      0.40488187445207924,
      -0.9118904086516145
    ],
    "nUS": [
      0.951724767354572,
      0.23078803142838075,
      -0.20237799226521286
    ],
    "wall_normal": [
      0.9531408166704146,
      0.22898127544504832,
      -0.19771231396251973
    ]
  },
  "device_label": "Olympus BF-UC180F-like",
  "device_model": "bf_uc180f",
  "diagnostic_panel_enabled": false,
  "diagnostic_panel_layout": [],
  "display_plane": "nUS_nB_fan",
  "engine": "physics",
  "engine_diagnostics": {
    "appearance_profile": {
      "boundary_weight": 1.7,
      "compression_percentile": 99.0,
      "log_gain": 7.5,
      "name": "review_realistic_v1",
      "output_gamma": 0.82,
      "post_blur_depth_sigma": 0.75,
      "post_blur_lateral_sigma": 0.38,
      "scatter_weight": 0.9,
      "sector_floor": 0.035,
      "target_darkening_strength": 0.16,
      "target_rim_strength": 0.07,
      "tgc_end": 1.42,
      "tgc_start": 1.0,
      "tissue_floor": 0.028,
      "vessel_suppression": 0.38,
      "wall_boundary_boost": 0.26
    },
    "artifact_settings": {
      "reverberation_strength": 0.28,
      "shadow_strength": 0.47,
      "speckle_strength": 0.22
    },
    "debug_map_paths": {},
    "eval_summary": {
      "sector": {
        "mean": 0.16488336026668549,
        "p05": 0.06436053663492203,
        "p50": 0.1446065455675125,
        "p95": 0.3925057351589203,
        "pixel_count": 131073,
        "std": 0.11245887726545334
      },
      "target": {
        "mean": 0.3540892004966736,
        "p05": 0.32426151633262634,
        "p50": 0.34827345609664917,
        "p95": 0.40034693479537964,
        "pixel_count": 3330,
        "std": 0.026798048987984657
      },
      "target_contrast_vs_sector": 0.1892058402299881,
      "vessel": {
        "mean": 0.07889702916145325,
        "p05": 0.0625377744436264,
        "p50": 0.07648493349552155,
        "p95": 0.09890174865722656,
        "pixel_count": 63080,
        "std": 0.016886916011571884
      },
      "vessel_contrast_vs_sector": -0.08598633110523224,
      "wall": {
        "mean": 1.0,
        "p05": 1.0,
        "p50": 1.0,
        "p95": 1.0,
        "pixel_count": 44,
        "std": 0.0
      },
      "wall_contrast_vs_sector": 0.8351166397333145
    }
  },
  "engine_version": "physics-v1",
  "gain": 1.0,
  "image_size": [
    512,
    512
  ],
  "label_overlays": false,
  "manifest_path": "tools/ebus-simulator/configs/3d_slicer_files.yaml",
  "max_depth_mm": 40.0,
  "metadata_path": "sector_bmode/station_2l_node_a__default.json",
  "mode": "clean",
  "nearest_centerline_point": [
    -8.904301906025907,
    -170.98274813112738,
    1248.5184404275853
  ],
  "original_contact_to_airway_distance_mm": 1.799335950644362,
  "original_contact_world": [
    -4.448239819038278,
    -170.1421271888561,
    1247.34521484375
  ],
  "output_path": "sector_bmode/station_2l_node_a__default.png",
  "overlays_enabled": [],
  "pose_axes": {
    "depth_axis": [
      0.9571890742373647,
      0.18691915428715494,
      -0.22102105311755182
    ],
    "lateral_axis": [
      0.09095572903645686,
      -0.9191000966217706,
      -0.38338240406322605
    ],
    "shaft_axis": [
      -0.2748019860118619,
      0.3468663174054622,
      -0.8967539385659311
    ]
  },
  "pose_comparison": {
    "branch_hint": null,
    "branch_hint_applied": false,
    "branch_hint_match": null,
    "candidate_branch_graph_name": "main",
    "candidate_branch_line_index": 0,
    "final_nB_world": [
      -0.2748019860118619,
      0.3468663174054622,
      -0.8967539385659311
    ],
    "final_nC_world": [
      0.06727964290454036,
      0.40488187445207924,
      -0.9118904086516145
    ],
    "final_nUS_world": [
      0.951724767354572,
      0.23078803142838075,
      -0.20237799226521286
    ],
    "markup_contact_world": [
      -4.448239819038278,
      -170.1421271888561,
      1247.34521484375
    ],
    "mesh_contact_to_airway_distance_mm": 0.19617090505236165,
    "mesh_nUS_world": [
      0.951724767354572,
      0.23078803142838075,
      -0.20237799226521286
    ],
    "mesh_refined_contact_world": [
      -3.4246162375752753,
      -169.81708994730482,
      1246.6103342772133
    ],
    "mesh_refinement_method": "raw_mesh_projection_search",
    "mesh_wall_normal_world": [
      0.9531408166704146,
      0.22898127544504832,
      -0.19771231396251973
    ],
    "optimized_axis_sign_override": null,
    "optimized_branch_shift_mm": null,
    "optimized_objective": null,
    "optimized_roll_offset_deg": null,
    "voxel_contact_to_airway_distance_mm": 0.0,
    "voxel_nUS_world": [
      0.9279282299031371,
      0.3399793827211046,
      -0.15285031721722878
    ],
    "voxel_refined_contact_world": [
      -3.149857200688162,
      -169.68831529872264,
      1246.5653062947908
    ],
    "voxel_refinement_method": "ct_threshold_wall_search",
    "voxel_to_mesh_contact_distance_mm": 0.30676205382940097,
    "voxel_wall_normal_world": [
      0.8891353474012061,
      0.378441497550238,
      -0.25733318272945255
    ],
    "warnings": []
  },
  "preset_id": "station_2l_node_a",
  "preset_override_applied": true,
  "preset_override_axis_sign_override": null,
  "preset_override_branch_hint": null,
  "preset_override_branch_shift_mm": null,
  "preset_override_cutaway_side": null,
  "preset_override_notes": null,
  "preset_override_reference_fov_mm": null,
  "preset_override_roll_offset_deg": 0.0,
  "preset_override_vessel_overlays": [
    "aorta",
    "left_common_carotid_artery",
    "left_subclavian_artery"
  ],
  "reference_fov_mm": 100.0,
  "reference_plane": "probe_ray_domain_nUS_nB",
  "refine_contact_enabled": true,
  "refined_contact_to_airway_distance_mm": 0.19617090505236165,
  "refined_contact_world": [
    -3.4246162375752753,
    -169.81708994730482,
    1246.6103342772133
  ],
  "roll_deg": 0.0,
  "sector_angle_deg": 60.0,
  "seed": 2848650069,
  "show_frustum": false,
  "show_full_airway": false,
  "show_legend": false,
  "simulated_ebus_enabled": true,
  "single_vessel_name": null,
  "slice_samples": 5,
  "slice_thickness_mm": 4.0,
  "source_oblique_size_mm": 51.79,
  "source_plane": "probe_ray_domain_nUS_nB",
  "station_overlay_enabled": false,
  "target_in_default_forward_hemisphere": true,
  "target_overlay_enabled": false,
  "target_world": [
    0.798289522383806,
    -169.22106966432835,
    1246.3818368829645
  ],
  "tip_start_world": [
    -1.775804321504104,
    -171.8982878517376,
    1251.9908579086089
  ],
  "training_use": "CT-derived simulated CP-EBUS B-mode for orientation training; not clinically validated.",
  "vessel_overlay_names": [],
  "view_kind": "physics_bmode",
  "virtual_ebus_enabled": false,
  "voxel_refined_contact_to_airway_distance_mm": 0.0,