{
  "airway_lumen_overlay_enabled": false,
  "airway_overlay_enabled": false,
  "airway_wall_overlay_enabled": false,
  "approach": "default",
  "attenuation": 0.15,
  "case_id": "3D_slicer_files",
  "centerline_projection_distance_mm": 3.4320604784765365,
  "contact_overlay_enabled": false,
  "contact_refinement_method": "raw_mesh_projection_search",
  "contact_to_airway_distance_mm": 0.1960611167152473,
  "contact_world": [
    -7.73685811154497,
    -152.4257095686576,
    1208.1670989091544
  ],
  "cutaway_depth_mm": 0.0,
  "cutaway_mesh_source": "none",
  "cutaway_mode": "lateral",
  "cutaway_normal": [
    -0.7193516694265768,
    -0.36667802151105106,
    -0.5899833931848746
  ],
  "cutaway_open_side": "left",
  "cutaway_origin": [
    -7.73685811154497,
    -152.4257095686576,
    1208.1670989091544
  ],
  "cutaway_origin_mode": "contact",
  "cutaway_side": "auto",
  "cutaway_side_source": "physics_placeholder",
  "device_axes": {
    "display_lateral": [
      -0.5440645585202555,
      -0.23065436325415523,
      0.8067170017261194
    ],
    "nB": [
      0.5440645585202555,
      0.23065436325415523,
      -0.8067170017261194
    ],
    "nC": [
      0.6589677227212342,
      -0.09151933061578829,
      -0.746582716472347
    ],
    "nUS": [
      0.43188763799784374,
      -0.9013022762938977,
      0.03357491462509015
    ],
    "wall_normal": [
      -0.4410200209654841,
      0.8972757855523024,
      -0.0199375467172541
    ]
  },
  "device_label": "Olympus BF-UC180F-like",
  "device_model": "bf_uc180f",
  "diagnostic_panel_enabled": false,
  "diagnostic_panel_layout": [],
  "display_plane": "nUS_nB_fan",
  "engine": "physics",
  "engine_diagnostics": {
    "appearance_profile": {
      "boundary_weight": 1.7,
      "compression_percentile": 99.0,
      "log_gain": 7.5,
      "name": "review_realistic_v1",
      "output_gamma": 0.82,
      "post_blur_depth_sigma": 0.75,
      "post_blur_lateral_sigma": 0.38,
      "scatter_weight": 0.9,
      "sector_floor": 0.035,
      "target_darkening_strength": 0.16,
      "target_rim_strength": 0.07,
      "tgc_end": 1.42,
      "tgc_start": 1.0,
      "tissue_floor": 0.028,
      "vessel_suppression": 0.38,
      "wall_boundary_boost": 0.26
    },
    "artifact_settings": {
      "reverberation_strength": 0.28,
      "shadow_strength": 0.47,
      "speckle_strength": 0.22
    },
    "debug_map_paths": {},
    "eval_summary": {
      "sector": {
        "mean": 0.1587856560945511,
        "p05": 0.035020437091588974,
        "p50": 0.1726258099079132,
        "p95": 0.36144232749938965,
        "pixel_count": 131073,
        "std": 0.12691791355609894
      },
      "target": {
        "mean": 0.20202119648456573,
        "p05": 0.16556257009506226,
        "p50": 0.19144664704799652,
        "p95": 0.2707662880420685,
        "pixel_count": 19322,
        "std": 0.03465226665139198
      },
      "target_contrast_vs_sector": 0.04323554039001465,
      "vessel": {
        "mean": 0.053823426365852356,
        "p05": 0.0473274402320385,
        "p50": 0.05241731181740761,
        "p95": 0.06125149130821228,
        "pixel_count": 47058,
        "std": 0.008297231048345566
      },
      "vessel_contrast_vs_sector": -0.10496222972869873,
      "wall": {
        "mean": 0.9994406700134277,
        "p05": 1.0,
        "p50": 1.0,
        "p95": 1.0,
        "pixel_count": 458,
        "std": 0.005502257961779833
      },
      "wall_contrast_vs_sector": 0.8406550139188766
    }
  },
  "engine_version": "physics-v1",
  "gain": 1.0,
  "image_size": [
    512,
    512
  ],
  "label_overlays": false,
  "manifest_path": "tools/ebus-simulator/configs/3d_slicer_files.yaml",
  "max_depth_mm": 40.0,
  "metadata_path": "sector_bmode/station_4l_node_a__default.json",
  "mode": "clean",
  "nearest_centerline_point": [
    -6.555278538201906,
    -157.16387791890213,
    1209.456414481193
  ],
  "original_contact_to_airway_distance_mm": 1.609375,
  "original_contact_world": [
    -4.220783998391388,
    -159.430371428266,
    1210.5482851436466
  ],
  "output_path": "sector_bmode/station_4l_node_a__default.png",
  "overlays_enabled": [],
  "pose_axes": {
    "depth_axis": [
      0.26972822952447223,
      -0.9611808726942719,
      -0.0581206689936712
    ],
    "lateral_axis": [
      -0.8047262230918913,
      -0.19185334862718256,
      -0.5617899950059599
    ],
    "shaft_axis": [
      0.5288311526998513,
      0.19830184716037066,
      -0.8252357174449805
    ]
  },
  "pose_comparison": {
    "branch_hint": "network:2",
    "branch_hint_applied": true,
    "branch_hint_match": true,
    "candidate_branch_graph_name": "network",
    "candidate_branch_line_index": 2,
    "final_nB_world": [
      0.5440645585202555,
      0.23065436325415523,
      -0.8067170017261194
    ],
    "final_nC_world": [
      0.6589677227212342,
      -0.09151933061578829,
      -0.746582716472347
    ],
    "final_nUS_world": [
      0.43188763799784374,
      -0.9013022762938977,
      0.03357491462509015
    ],
    "markup_contact_world": [
      -4.220783998391388,
      -159.430371428266,
      1210.5482851436466
    ],
    "mesh_contact_to_airway_distance_mm": 0.1960611167152473,
    "mesh_nUS_world": [
      0.43188763799784374,
      -0.9013022762938977,
      0.03357491462509015
    ],
    "mesh_refined_contact_world": [
      -7.73685811154497,
      -152.4257095686576,
      1208.1670989091544
    ],
    "mesh_refinement_method": "raw_mesh_projection_search",
    "mesh_wall_normal_world": [
      -0.4410200209654841,
      0.8972757855523024,
      -0.0199375467172541
    ],
    "optimized_axis_sign_override": null,
    "optimized_branch_shift_mm": null,
    "optimized_objective": null,
    "optimized_roll_offset_deg": null,
    "voxel_contact_to_airway_distance_mm": 0.0,
    "voxel_nUS_world": [
      0.4002745641915898,
      -0.9163607841406569,
      0.007948996814276226
    ],
    "voxel_refined_contact_world": [
      -8.217138022514456,
      -151.33060821584542,
      1208.1496149720906
    ],
    "voxel_refinement_method": "ct_threshold_wall_search",
    "voxel_to_mesh_contact_distance_mm": 1.1959186652390599,
    "voxel_wall_normal_world": [
      -0.5225924114077213,
      0.8306426316317775,
      0.19217177226350923
    ],
    "warnings": []
  },
  "preset_id": "station_4l_node_a",
  "preset_override_applied": true,
  "preset_override_axis_sign_override": null,
  "preset_override_branch_hint": "network:2",
  "preset_override_branch_shift_mm": 4.0,
  "preset_override_cutaway_side": null,
  "preset_override_notes": "Flagged stabilization pass: keep refinement on the left mainstem/paratracheal branch neighborhood.",
  "preset_override_reference_fov_mm": null,
  "preset_override_roll_offset_deg": 0.0,
  "preset_override_vessel_overlays": [
    "aorta",
    "pulmonary_artery",
    "left_atrium"
  ],
  "reference_fov_mm": 100.0,
  "reference_plane": "probe_ray_domain_nUS_nB",
  "refine_contact_enabled": true,
  "refined_contact_to_airway_distance_mm": 0.1960611167152473,
  "refined_contact_world": [
    -7.73685811154497,
    -152.4257095686576,
    1208.1670989091544
  ],
  "roll_deg": 0.0,
  "sector_angle_deg": 60.0,
  "seed": 2012259926,
  "show_frustum": false,
  "show_full_airway": false,
  "show_legend": false,
  "simulated_ebus_enabled": true,
  "single_vessel_name": null,
  "slice_samples": 5,
  "slice_thickness_mm": 4.0,
  "source_oblique_size_mm": 51.79,
  "source_plane": "probe_ray_domain_nUS_nB",
  "station_overlay_enabled": false,
  "target_in_default_forward_hemisphere": true,
  "target_overlay_enabled": false,
  "target_world": [
    -1.5909734767025014,
    -173.6342078853047,
    1211.6319215638061
  ],
  "tip_start_world": [
    -11.001245462666503,
    -153.80963574818253,
    1213.0074009195112
  ],
  "training_use": "CT-derived simulated CP-EBUS B-mode for orientation training; not clinically validated.",
  "vessel_overlay_names": [],
  "view_kind": "physics_bmode",