{
  "airway_lumen_overlay_enabled": false,
  "airway_overlay_enabled": false,
  "airway_wall_overlay_enabled": false,
  "approach": "default",
  "attenuation": 0.15,
  "case_id": "3D_slicer_files",
  "centerline_projection_distance_mm": 3.984965787231006,
  "contact_overlay_enabled": false,
  "contact_refinement_method": "raw_mesh_projection_search",
  "contact_to_airway_distance_mm": 0.1903821314406148,
  "contact_world": [
    -31.49674674007004,
    -149.15790274372318,
    1195.313700299779
  ],
  "cutaway_depth_mm": 0.0,
  "cutaway_mesh_source": "none",
  "cutaway_mode": "lateral",
  "cutaway_normal": [
    -0.701809262510426,
    0.5568057874927095,
    0.44433216636790507
  ],
  "cutaway_open_side": "left",
  "cutaway_origin": [
    -31.49674674007004,
    -149.15790274372318,
    1195.313700299779
  ],
  "cutaway_origin_mode": "contact",
  "cutaway_side": "auto",
  "cutaway_side_source": "physics_placeholder",
  "device_axes": {
    "display_lateral": [
      0.323345536050396,
      -0.30679429661230895,
      0.8951675395602997
    ],
    "nB": [
      -0.323345536050396,
      0.30679429661230895,
      -0.8951675395602997
    ],
    "nC": [
      -0.5209437403339303,
      0.024283672695434744,
      -0.8532455230748742
    ],
    "nUS": [
      -0.6347530412458486,
      -0.7719096932807504,
      -0.03527041321509639
    ],
    "wall_normal": [
      0.6354070915907887,
      0.7712862996453314,
      0.037084659032373235
    ]
  },
  "device_label": "Olympus BF-UC180F-like",
  "device_model": "bf_uc180f",
  "diagnostic_panel_enabled": false,
  "diagnostic_panel_layout": [],
  "display_plane": "nUS_nB_fan",
  "engine": "physics",
  "engine_diagnostics": {
    "appearance_profile": {
      "boundary_weight": 1.7,
      "compression_percentile": 99.0,
      "log_gain": 7.5,
      "name": "review_realistic_v1",
      "output_gamma": 0.82,
      "post_blur_depth_sigma": 0.75,
      "post_blur_lateral_sigma": 0.38,
      "scatter_weight": 0.9,
      "sector_floor": 0.035,
      "target_darkening_strength": 0.16,
      "target_rim_strength": 0.07,
      "tgc_end": 1.42,
      "tgc_start": 1.0,
      "tissue_floor": 0.028,
      "vessel_suppression": 0.38,
      "wall_boundary_boost": 0.26
    },
    "artifact_settings": {
      "reverberation_strength": 0.28,
      "shadow_strength": 0.47,
      "speckle_strength": 0.22
    },
    "debug_map_paths": {},
    "eval_summary": {
      "sector": {
        "mean": 0.1443966031074524,
        "p05": 0.03500182926654816,
        "p50": 0.1275317519903183,
        "p95": 0.3248705565929413,
        "pixel_count": 131073,
        "std": 0.11614090204238892
      },
      "target": {
        "mean": 0.1472819298505783,
        "p05": 0.12550397217273712,
        "p50": 0.1440412551164627,
        "p95": 0.1788763552904129,
        "pixel_count": 9805,
        "std": 0.017772801220417023
      },
      "target_contrast_vs_sector": 0.0028853267431259155,
      "vessel": {
        "mean": 0.05948742479085922,
        "p05": 0.04663166403770447,
        "p50": 0.05506939813494682,
        "p95": 0.0771026536822319,
        "pixel_count": 47941,
        "std": 0.022884882986545563
      },
      "vessel_contrast_vs_sector": -0.08490917831659317,
      "wall": {
        "mean": 0.9748340249061584,
        "p05": 0.8106986880302429,
        "p50": 1.0,
        "p95": 1.0,
        "pixel_count": 577,
        "std": 0.06381714344024658
      },
      "wall_contrast_vs_sector": 0.830437421798706
    }
  },
  "engine_version": "physics-v1",
  "gain": 1.0,
  "image_size": [
    512,
    512
  ],
  "label_overlays": false,
  "manifest_path": "tools/ebus-simulator/configs/3d_slicer_files.yaml",
  "max_depth_mm": 40.0,
  "metadata_path": "sector_bmode/station_11rs_node_b__default.json",
  "mode": "clean",
  "nearest_centerline_point": [
    -32.95451084175837,
    -152.91653012915253,
    1197.169509800714
  ],
  "original_contact_to_airway_distance_mm": 1.1379999759721,
  "original_contact_world": [
    -35.76505905207159,
    -155.7397975522529,
    1197.269169925975
  ],
  "output_path": "sector_bmode/station_11rs_node_b__default.png",
  "overlays_enabled": [],
  "pose_axes": {
    "depth_axis": [
      -0.5850839323100636,
      -0.809389413915148,
      -0.05065144415202935
    ],
    "lateral_axis": [
      -0.7069265253378233,
      0.47841653457675587,
      0.5209342638158481
    ],
    "shaft_axis": [
      -0.3974061900957063,
      0.3405971169661614,
      -0.8520926733565747
    ]
  },
  "pose_comparison": {
    "branch_hint": "network:3",
    "branch_hint_applied": true,
    "branch_hint_match": true,
    "candidate_branch_graph_name": "network",
    "candidate_branch_line_index": 3,
    "final_nB_world": [
      -0.323345536050396,
      0.30679429661230895,
      -0.8951675395602997
    ],
    "final_nC_world": [
      -0.5209437403339303,
      0.024283672695434744,
      -0.8532455230748742
    ],
    "final_nUS_world": [
      -0.6347530412458486,
      -0.7719096932807504,
      -0.03527041321509639
    ],
    "markup_contact_world": [
      -35.76505905207159,
      -155.7397975522529,
      1197.269169925975
    ],
    "mesh_contact_to_airway_distance_mm": 0.1903821314406148,
    "mesh_nUS_world": [
      -0.6347530412458486,
      -0.7719096932807504,
      -0.03527041321509639
    ],
    "mesh_refined_contact_world": [
      -31.49674674007004,
      -149.15790274372318,
      1195.313700299779
    ],
    "mesh_refinement_method": "raw_mesh_projection_search",
    "mesh_wall_normal_world": [
      0.6354070915907887,
      0.7712862996453314,
      0.037084659032373235
    ],
    "optimized_axis_sign_override": null,
    "optimized_branch_shift_mm": null,
    "optimized_objective": null,
    "optimized_roll_offset_deg": null,
    "voxel_contact_to_airway_distance_mm": 0.8046875,
    "voxel_nUS_world": [
      -0.5790940752247407,
      -0.8123165417990856,
      -0.06922346393511901
    ],
    "voxel_refined_contact_world": [
      -30.172051173006523,
      -147.27220080544586,
      1195.479297797691
    ],
    "voxel_refinement_method": "ct_threshold_wall_search",
    "voxel_to_mesh_contact_distance_mm": 2.31043560324354,
    "voxel_wall_normal_world": [
      0.5390376462293373,
      0.8416761942920573,
      -0.03193117457243112
    ],
    "warnings": [
      "Voxel contact refinement was ambiguous; the best airway-wall candidate was chosen deterministically."
    ]
  },
  "preset_id": "station_11rs_node_b",
  "preset_override_applied": true,
  "preset_override_axis_sign_override": null,
  "preset_override_branch_hint": "network:3",
  "preset_override_branch_shift_mm": 4.0,
  "preset_override_cutaway_side": null,
  "preset_override_notes": "Flagged stabilization pass: keep refinement on the right superior lobar branch neighborhood.",
  "preset_override_reference_fov_mm": null,
  "preset_override_roll_offset_deg": 0.0,
  "preset_override_vessel_overlays": [
    "pulmonary_artery",
    "azygous"
  ],
  "reference_fov_mm": 100.0,
  "reference_plane": "probe_ray_domain_nUS_nB",
  "refine_contact_enabled": true,
  "refined_contact_to_airway_distance_mm": 0.1903821314406148,
  "refined_contact_world": [
    -31.49674674007004,
    -149.15790274372318,
    1195.313700299779
  ],
  "roll_deg": 0.0,
  "sector_angle_deg": 60.0,
  "seed": 1649425392,
  "show_frustum": false,
  "show_full_airway": false,
  "show_legend": false,
  "simulated_ebus_enabled": true,
  "single_vessel_name": null,
  "slice_samples": 5,
  "slice_thickness_mm": 4.0,
  "source_oblique_size_mm": 51.79,
  "source_plane": "probe_ray_domain_nUS_nB",
  "station_overlay_enabled": false,
  "target_in_default_forward_hemisphere": true,
  "target_overlay_enabled": false,
  "target_world": [
    -47.8420757222722,
    -169.23750298841807,
    1193.2762707905492
  ],
  "tip_start_world": [
    -29.556673523767664,
    -150.99866852339704,
    1200.6847055371406
  ],