{
  "airway_lumen_overlay_enabled": false,
  "airway_overlay_enabled": false,
  "airway_wall_overlay_enabled": false,
  "approach": "default",
  "attenuation": 0.15,
  "case_id": "3D_slicer_files",
  "centerline_projection_distance_mm": 5.379589360806389,
  "contact_overlay_enabled": false,
  "contact_refinement_method": "raw_mesh_projection_search",
  "contact_to_airway_distance_mm": 0.05488634557505507,
  "contact_world": [
    -14.740687400947015,
    -166.79381918297796,
    1219.6703742036466
  ],
  "cutaway_depth_mm": 0.0,
  "cutaway_mesh_source": "none",
  "cutaway_mode": "lateral",
  "cutaway_normal": [
    -0.9698891039873134,
    0.2421584571313167,
    -0.025969358992216945
  ],
  "cutaway_open_side": "left",
  "cutaway_origin": [
    -14.740687400947015,
    -166.79381918297796,
    1219.6703742036466
  ],
  "cutaway_origin_mode": "contact",
  "cutaway_side": "auto",
  "cutaway_side_source": "physics_placeholder",
  "device_axes": {
    "display_lateral": [
      -0.11819137851460841,
      -0.3747639364673288,
      0.9195557568567164
    ],
    "nB": [
      0.11819137851460841,
      0.3747639364673288,
      -0.9195557568567164
    ],
    "nC": [
      0.0382318049434769,
      0.04607660814787434,
      -0.9982060284692491
    ],
    "nUS": [
      -0.2129458241231862,
      -0.8949364634225674,
      -0.39210050041437694
    ],
    "wall_normal": [
      -0.21730724426324352,
      -0.908605233963772,
      -0.35667084322152587
    ]
  },
  "device_label": "Olympus BF-UC180F-like",
  "device_model": "bf_uc180f",
  "diagnostic_panel_enabled": false,
  "diagnostic_panel_layout": [],
  "display_plane": "nUS_nB_fan",
  "engine": "physics",
  "engine_diagnostics": {
    "appearance_profile": {
      "boundary_weight": 1.7,
      "compression_percentile": 99.0,
      "log_gain": 7.5,
      "name": "review_realistic_v1",
      "output_gamma": 0.82,
      "post_blur_depth_sigma": 0.75,
      "post_blur_lateral_sigma": 0.38,
      "scatter_weight": 0.9,
      "sector_floor": 0.035,
      "target_darkening_strength": 0.16,
      "target_rim_strength": 0.07,
      "tgc_end": 1.42,
      "tgc_start": 1.0,
      "tissue_floor": 0.028,
      "vessel_suppression": 0.38,
      "wall_boundary_boost": 0.26
    },
    "artifact_settings": {
      "reverberation_strength": 0.28,
      "shadow_strength": 0.47,
      "speckle_strength": 0.22
    },
    "debug_map_paths": {},
    "eval_summary": {
      "sector": {
        "mean": 0.24224118888378143,
        "p05": 0.0512220561504364,
        "p50": 0.2586252689361572,
        "p95": 0.4206703305244446,
        "pixel_count": 131073,
        "std": 0.11953586339950562
      },
      "target": {
        "mean": 0.30430150032043457,
        "p05": 0.2530975043773651,
        "p50": 0.2925150394439697,
        "p95": 0.39555108547210693,
        "pixel_count": 12398,
        "std": 0.04300394281744957
      },
      "target_contrast_vs_sector": 0.06206031143665314,
      "vessel": {
        "mean": 0.056283093988895416,
        "p05": 0.04998853802680969,
        "p50": 0.05260201543569565,
        "p95": 0.06874110549688339,
        "pixel_count": 28329,
        "std": 0.014835991896688938
      },
      "vessel_contrast_vs_sector": -0.18595809489488602,
      "wall": {
        "mean": 0.9997259974479675,
        "p05": 1.0,
        "p50": 1.0,
        "p95": 1.0,
        "pixel_count": 69,
        "std": 0.002259561326354742
      },
      "wall_contrast_vs_sector": 0.7574848085641861
    }
  },
  "engine_version": "physics-v1",
  "gain": 1.0,
  "image_size": [
    512,
    512
  ],
  "label_overlays": false,
  "manifest_path": "tools/ebus-simulator/configs/3d_slicer_files.yaml",
  "max_depth_mm": 40.0,
  "metadata_path": "sector_bmode/station_4r_node_a__default.json",
  "mode": "clean",
  "nearest_centerline_point": [
    -13.240164756774902,
    -161.31845092773438,
    1222.447265625
  ],
  "original_contact_to_airway_distance_mm": 1.609375,
  "original_contact_world": [
    -14.58272097460835,
    -165.93892909391602,
    1220.0412926391382
  ],
  "output_path": "sector_bmode/station_4r_node_a__default.png",
  "overlays_enabled": [],
  "pose_axes": {
    "depth_axis": [
      -0.1691989334384399,
      -0.904903546674006,
      -0.39053974463567664
    ],
    "lateral_axis": [
      -0.9784694777907542,
      0.20174628408056752,
      -0.0435421392626958
    ],
    "shaft_axis": [
      0.11819137851460841,
      0.3747639364673288,
      -0.9195557568567164
    ]
  },
  "pose_comparison": {
    "branch_hint": null,
    "branch_hint_applied": false,
    "branch_hint_match": null,
    "candidate_branch_graph_name": "main",
    "candidate_branch_line_index": 0,
    "final_nB_world": [
      0.11819137851460841,
      0.3747639364673288,
      -0.9195557568567164
    ],
    "final_nC_world": [
      0.0382318049434769,
      0.04607660814787434,
      -0.9982060284692491
    ],
    "final_nUS_world": [
      -0.2129458241231862,
      -0.8949364634225674,
      -0.39210050041437694
    ],
    "markup_contact_world": [
      -14.58272097460835,
      -165.93892909391602,
      1220.0412926391382
    ],
    "mesh_contact_to_airway_distance_mm": 0.05488634557505507,
    "mesh_nUS_world": [
      -0.2129458241231862,
      -0.8949364634225674,
      -0.39210050041437694
    ],
    "mesh_refined_contact_world": [
      -14.740687400947015,
      -166.79381918297796,
      1219.6703742036466
    ],
    "mesh_refinement_method": "raw_mesh_projection_search",
    "mesh_wall_normal_world": [
      -0.21730724426324352,
      -0.908605233963772,
      -0.35667084322152587
    ],
    "optimized_axis_sign_override": null,
    "optimized_branch_shift_mm": null,
    "optimized_objective": null,
    "optimized_roll_offset_deg": null,
    "voxel_contact_to_airway_distance_mm": 0.8046875,
    "voxel_nUS_world": [
      -0.1507815950522067,
      -0.9085349819040774,
      -0.38965253399672645
    ],
    "voxel_refined_contact_world": [
      -14.751919908046789,
      -166.84383264059002,
      1219.6507528945026
    ],
    "voxel_refinement_method": "ct_threshold_wall_search",
    "voxel_to_mesh_contact_distance_mm": 0.05488634557505507,
    "voxel_wall_normal_world": [
      -0.15446439369710013,
      -0.9199947248165834,
      -0.3602089079818073
    ],
    "warnings": []
  },
  "preset_id": "station_4r_node_a",
  "preset_override_applied": true,
  "preset_override_axis_sign_override": null,
  "preset_override_branch_hint": null,
  "preset_override_branch_shift_mm": null,
  "preset_override_cutaway_side": null,
  "preset_override_notes": null,
  "preset_override_reference_fov_mm": null,
  "preset_override_roll_offset_deg": 0.0,
  "preset_override_vessel_overlays": [
    "superior_vena_cava",
    "azygous",
    "pulmonary_artery"
  ],
  "reference_fov_mm": 100.0,
  "reference_plane": "probe_ray_domain_nUS_nB",
  "refine_contact_enabled": true,
  "refined_contact_to_airway_distance_mm": 0.05488634557505507,
  "refined_contact_world": [
    -14.740687400947015,
    -166.79381918297796,
    1219.6703742036466
  ],
  "roll_deg": 0.0,
  "sector_angle_deg": 60.0,
  "seed": 1718172064,
  "show_frustum": false,
  "show_full_airway": false,
  "show_legend": false,
  "simulated_ebus_enabled": true,
  "single_vessel_name": null,
  "slice_samples": 5,
  "slice_thickness_mm": 4.0,
  "source_oblique_size_mm": 51.79,
  "source_plane": "probe_ray_domain_nUS_nB",
  "station_overlay_enabled": false,
  "target_in_default_forward_hemisphere": true,
  "target_overlay_enabled": false,
  "target_world": [
    -17.060216670665696,
    -177.95478321979417,
    1220.0412926391382
  ],
  "tip_start_world": [
    -15.449835672034666,
    -169.04240280178192,
    1225.187708744787
  ],
  "training_use": "CT-derived simulated CP-EBUS B-mode for orientation training; not clinically validated.",
  "vessel_overlay_names": [],
  "view_kind": "physics_bmode",
  "virtual_ebus_enabled": false,