{
  "airway_lumen_overlay_enabled": false,
  "airway_overlay_enabled": false,
  "airway_wall_overlay_enabled": false,
  "approach": "default",
  "attenuation": 0.15,
  "case_id": "3D_slicer_files",
  "centerline_projection_distance_mm": 1.951139883675715,
  "contact_overlay_enabled": false,
  "contact_refinement_method": "raw_mesh_projection_search",
  "contact_to_airway_distance_mm": 0.0638532981827656,
  "contact_world": [
    -47.52250245859467,
    -141.80771403801688,
    1170.7944557653882
  ],
  "cutaway_depth_mm": 0.0,
  "cutaway_mesh_source": "none",
  "cutaway_mode": "lateral",
  "cutaway_normal": [
    -0.5850115901005636,
    0.45922216196153387,
    0.6684881789615917
  ],
  "cutaway_open_side": "left",
  "cutaway_origin": [
    -47.52250245859467,
    -141.80771403801688,
    1170.7944557653882
  ],
  "cutaway_origin_mode": "contact",
  "cutaway_side": "auto",
  "cutaway_side_source": "physics_placeholder",
  "device_axes": {
    "display_lateral": [
      0.43919908908398125,
      -0.5135468549964289,
      0.737138920333934
    ],
    "nB": [
      -0.43919908908398125,
      0.5135468549964289,
      -0.737138920333934
    ],
    "nC": [
      -0.6459050784545279,
      0.23466828927524921,
      -0.7264553831002136
    ],
    "nUS": [
      -0.6818105305697554,
      -0.7248342111729079,
      -0.09874090701192231
    ],
    "wall_normal": [
      0.7145768165506384,
      0.6817011901603682,
      0.15704604605749453
    ]
  },
  "device_label": "Olympus BF-UC180F-like",
  "device_model": "bf_uc180f",
  "diagnostic_panel_enabled": false,
  "diagnostic_panel_layout": [],
  "display_plane": "nUS_nB_fan",
  "engine": "physics",
  "engine_diagnostics": {
    "appearance_profile": {
      "boundary_weight": 1.7,
      "compression_percentile": 99.0,
      "log_gain": 7.5,
      "name": "review_realistic_v1",
      "output_gamma": 0.82,
      "post_blur_depth_sigma": 0.75,
      "post_blur_lateral_sigma": 0.38,
      "scatter_weight": 0.9,
      "sector_floor": 0.035,
      "target_darkening_strength": 0.16,
      "target_rim_strength": 0.07,
      "tgc_end": 1.42,
      "tgc_start": 1.0,
      "tissue_floor": 0.028,
      "vessel_suppression": 0.38,
      "wall_boundary_boost": 0.26
    },
    "artifact_settings": {
      "reverberation_strength": 0.28,
      "shadow_strength": 0.47,
      "speckle_strength": 0.22
    },
    "debug_map_paths": {},
    "eval_summary": {
      "sector": {
        "mean": 0.1329686939716339,
        "p05": 0.05377618223428726,
        "p50": 0.1176699697971344,
        "p95": 0.2843567430973053,
        "pixel_count": 131073,
        "std": 0.1024736762046814
      },
      "target": {
        "mean": 0.09037086367607117,
        "p05": 0.06123890355229378,
        "p50": 0.06402415037155151,
        "p95": 0.21084865927696228,
        "pixel_count": 191,
        "std": 0.051726363599300385
      },
      "target_contrast_vs_sector": -0.042597830295562744,
      "vessel": {
        "mean": 0.07732121646404266,
        "p05": 0.05200441926717758,
        "p50": 0.06398196518421173,
        "p95": 0.10173000395298004,
        "pixel_count": 36578,
        "std": 0.07051967084407806
      },
      "vessel_contrast_vs_sector": -0.05564747750759125,
      "wall": {
        "mean": 0.7609548568725586,
        "p05": 0.46601855754852295,
        "p50": 0.8534551858901978,
        "p95": 1.0,
        "pixel_count": 1694,
        "std": 0.21430589258670807
      },
      "wall_contrast_vs_sector": 0.6279861629009247
    }
  },
  "engine_version": "physics-v1",
  "gain": 1.0,
  "image_size": [
    512,
    512
  ],
  "label_overlays": false,
  "manifest_path": "tools/ebus-simulator/configs/3d_slicer_files.yaml",
  "max_depth_mm": 40.0,
  "metadata_path": "sector_bmode/station_11ri_node_a__default.json",
  "mode": "clean",
  "nearest_centerline_point": [
    -49.05962769090958,
    -144.04727705100336,
    1168.6965525738108
  ],
  "original_contact_to_airway_distance_mm": 0.8046875,
  "original_contact_world": [
    -50.10602431292355,
    -145.67261063242938,
    1168.9616784009131
  ],
  "output_path": "sector_bmode/station_11ri_node_a__default.png",
  "overlays_enabled": [],
  "pose_axes": {
    "depth_axis": [
      -0.5701701694876503,
      -0.8187817084181658,
      -0.06710060943280735
    ],
    "lateral_axis": [
      -0.7365991303004302,
      0.4733525223269863,
      0.4830725730646793
    ],
    "shaft_axis": [
      -0.3637687439391599,
      0.3248598214099582,
      -0.8730053822093058
    ]
  },
  "pose_comparison": {
    "branch_hint": "network:8",
    "branch_hint_applied": true,
    "branch_hint_match": true,
    "candidate_branch_graph_name": "network",
    "candidate_branch_line_index": 8,
    "final_nB_world": [
      -0.43919908908398125,
      0.5135468549964289,
      -0.737138920333934
    ],
    "final_nC_world": [
      -0.6459050784545279,
      0.23466828927524921,
      -0.7264553831002136
    ],
    "final_nUS_world": [
      -0.6818105305697554,
      -0.7248342111729079,
      -0.09874090701192231
    ],
    "markup_contact_world": [
      -50.10602431292355,
      -145.67261063242938,
      1168.9616784009131
    ],
    "mesh_contact_to_airway_distance_mm": 0.0638532981827656,
    "mesh_nUS_world": [
      -0.6818105305697554,
      -0.7248342111729079,
      -0.09874090701192231
    ],
    "mesh_refined_contact_world": [
      -47.52250245859467,
      -141.80771403801688,
      1170.7944557653882
    ],
    "mesh_refinement_method": "raw_mesh_projection_search",
    "mesh_wall_normal_world": [
      0.7145768165506384,
      0.6817011901603682,
      0.15704604605749453
    ],
    "optimized_axis_sign_override": null,
    "optimized_branch_shift_mm": null,
    "optimized_objective": null,
    "optimized_roll_offset_deg": null,
    "voxel_contact_to_airway_distance_mm": 1.1379999759721,
    "voxel_nUS_world": [
      -0.7587258979390505,
      -0.6514076432887463,
      -0.0017589944806160435
    ],
    "voxel_refined_contact_world": [
      -45.57760280118256,
      -140.13742388772772,
      1170.8033549087395
    ],
    "voxel_refinement_method": "ct_threshold_wall_search",
    "voxel_to_mesh_contact_distance_mm": 2.5637049475918916,
    "voxel_wall_normal_world": [
      0.8527051523832,
      0.47712193217562915,
      0.21271714772471453
    ],
    "warnings": [
      "Voxel contact refinement was ambiguous; the best airway-wall candidate was chosen deterministically."
    ]
  },
  "preset_id": "station_11ri_node_a",
  "preset_override_applied": true,
  "preset_override_axis_sign_override": null,
  "preset_override_branch_hint": "network:8",
  "preset_override_branch_shift_mm": 0.0,
  "preset_override_cutaway_side": null,
  "preset_override_notes": "Flagged stabilization pass: keep refinement on the right interlobar branch neighborhood.",
  "preset_override_reference_fov_mm": null,
  "preset_override_roll_offset_deg": 0.0,
  "preset_override_vessel_overlays": [
    "pulmonary_artery",
    "right_atrium"
  ],
  "reference_fov_mm": 100.0,
  "reference_plane": "probe_ray_domain_nUS_nB",
  "refine_contact_enabled": true,
  "refined_contact_to_airway_distance_mm": 0.0638532981827656,
  "refined_contact_world": [
    -47.52250245859467,
    -141.80771403801688,
    1170.7944557653882
  ],
  "roll_deg": 0.0,
  "sector_angle_deg": 60.0,
  "seed": 592206142,
  "show_frustum": false,
  "show_full_airway": false,
  "show_legend": false,
  "simulated_ebus_enabled": true,
  "single_vessel_name": null,
  "slice_samples": 5,
  "slice_thickness_mm": 4.0,
  "source_oblique_size_mm": 51.79,
  "source_plane": "probe_ray_domain_nUS_nB",
  "station_overlay_enabled": false,
  "target_in_default_forward_hemisphere": true,
  "target_overlay_enabled": false,
  "target_world": [
    -58.571725422348635,
    -156.1657563181315,
    1166.3350107574483
  ],
  "tip_start_world": [
    -44.887307924090784,
    -144.88899516799546,
    1175.2172892873918
  ],