{
  "airway_lumen_overlay_enabled": false,
  "airway_overlay_enabled": false,
  "airway_wall_overlay_enabled": false,
  "approach": "rms",
  "attenuation": 0.15,
  "case_id": "3D_slicer_files",
  "centerline_projection_distance_mm": 4.1357658893272715,
  "contact_overlay_enabled": false,
  "contact_refinement_method": "raw_mesh_projection_search",
  "contact_to_airway_distance_mm": 0.19221097287123254,
  "contact_world": [
    -28.07447116393732,
    -154.12867303329799,
    1197.4698879708417
  ],
  "cutaway_depth_mm": 0.0,
  "cutaway_mesh_source": "none",
  "cutaway_mode": "lateral",
  "cutaway_normal": [
    -0.21626562483932285,
    -0.9481895768871638,
    -0.23273526977103987
  ],
  "cutaway_open_side": "left",
  "cutaway_origin": [
    -28.07447116393732,
    -154.12867303329799,
    1197.4698879708417
  ],
  "cutaway_origin_mode": "contact",
  "cutaway_side": "auto",
  "cutaway_side_source": "physics_placeholder",
  "device_axes": {
    "display_lateral": [
      0.468849561091067,
      -0.30995229072456415,
      0.8271092228595381
    ],
    "nB": [
      -0.468849561091067,
      0.30995229072456415,
      -0.8271092228595381
    ],
    "nC": [
      -0.1476707566806605,
      0.26740142261939376,
      -0.9522026185652325
    ],
    "nUS": [
      0.8563931740605895,
      -0.06975746380952165,
      -0.5115902927785985
    ],
    "wall_normal": [
      0.8002434102393696,
      -0.035589453031434924,
      -0.5986183051004934
    ]
  },
  "device_label": "Olympus BF-UC180F-like",
  "device_model": "bf_uc180f",
  "diagnostic_panel_enabled": false,
  "diagnostic_panel_layout": [],
  "display_plane": "nUS_nB_fan",
  "engine": "physics",
  "engine_diagnostics": {
    "appearance_profile": {
      "boundary_weight": 1.7,
      "compression_percentile": 99.0,
      "log_gain": 7.5,
      "name": "review_realistic_v1",
      "output_gamma": 0.82,
      "post_blur_depth_sigma": 0.75,
      "post_blur_lateral_sigma": 0.38,
      "scatter_weight": 0.9,
      "sector_floor": 0.035,
      "target_darkening_strength": 0.16,
      "target_rim_strength": 0.07,
      "tgc_end": 1.42,
      "tgc_start": 1.0,
      "tissue_floor": 0.028,
      "vessel_suppression": 0.38,
      "wall_boundary_boost": 0.26
    },
    "artifact_settings": {
      "reverberation_strength": 0.28,
      "shadow_strength": 0.47,
      "speckle_strength": 0.22
    },
    "debug_map_paths": {},
    "eval_summary": {
      "sector": {
        "mean": 0.20225375890731812,
        "p05": 0.04989747703075409,
        "p50": 0.213319331407547,
        "p95": 0.3593711853027344,
        "pixel_count": 131073,
        "std": 0.10374557971954346
      },
      "target": {
        "mean": 0.24325776100158691,
        "p05": 0.1860303431749344,
        "p50": 0.2373691201210022,
        "p95": 0.32550176978111267,
        "pixel_count": 12892,
        "std": 0.044270191341638565
      },
      "target_contrast_vs_sector": 0.0410040020942688,
      "vessel": {
        "mean": 0.052791621536016464,
        "p05": 0.04840065911412239,
        "p50": 0.051458075642585754,
        "p95": 0.056338243186473846,
        "pixel_count": 27423,
        "std": 0.009003978222608566
      },
      "vessel_contrast_vs_sector": -0.14946213737130165,
      "wall": {
        "mean": 0.5146897435188293,
        "p05": 0.3811381757259369,
        "p50": 0.4536857604980469,
        "p95": 1.0,
        "pixel_count": 1619,
        "std": 0.18564404547214508
      },
      "wall_contrast_vs_sector": 0.31243598461151123
    }
  },
  "engine_version": "physics-v1",
  "gain": 1.0,
  "image_size": [
    512,
    512
  ],
  "label_overlays": false,
  "manifest_path": "tools/ebus-simulator/configs/3d_slicer_files.yaml",
  "max_depth_mm": 40.0,
  "metadata_path": "sector_bmode/station_7_node_a__rms.json",
  "mode": "clean",
  "nearest_centerline_point": [
    -31.80726861598288,
    -153.94593851695646,
    1199.6390511514112
  ],
  "original_contact_to_airway_distance_mm": 1.609375,
  "original_contact_world": [
    -28.27045743032407,
    -154.335907119764,
    1197.5311017646502
  ],
  "output_path": "sector_bmode/station_7_node_a__rms.png",
  "overlays_enabled": [],
  "pose_axes": {
    "depth_axis": [
      0.8733331474388368,
      0.02255041445076658,
      -0.4866011635751331
    ],
    "lateral_axis": [
      -0.1321714895478168,
      -0.9504846428442144,
      -0.28126436153202455
    ],
    "shaft_axis": [
      -0.468849561091067,
      0.30995229072456415,
      -0.8271092228595381
    ]
  },
  "pose_comparison": {
    "branch_hint": null,
    "branch_hint_applied": false,
    "branch_hint_match": null,
    "candidate_branch_graph_name": "main",
    "candidate_branch_line_index": 8,
    "final_nB_world": [
      -0.468849561091067,
      0.30995229072456415,
      -0.8271092228595381
    ],
    "final_nC_world": [
      -0.1476707566806605,
      0.26740142261939376,
      -0.9522026185652325
    ],
    "final_nUS_world": [
      0.8563931740605895,
      -0.06975746380952165,
      -0.5115902927785985
    ],
    "markup_contact_world": [
      -28.27045743032407,
      -154.335907119764,
      1197.5311017646502
    ],
    "mesh_contact_to_airway_distance_mm": 0.19221097287123254,
    "mesh_nUS_world": [
      0.8563931740605895,
      -0.06975746380952165,
      -0.5115902927785985
    ],
    "mesh_refined_contact_world": [
      -28.07447116393732,
      -154.12867303329799,
      1197.4698879708417
    ],
    "mesh_refinement_method": "raw_mesh_projection_search",
    "mesh_wall_normal_world": [
      0.8002434102393696,
      -0.035589453031434924,
      -0.5986183051004934
    ],
    "optimized_axis_sign_override": null,
    "optimized_branch_shift_mm": null,
    "optimized_objective": null,
    "optimized_roll_offset_deg": null,
    "voxel_contact_to_airway_distance_mm": 0.0,
    "voxel_nUS_world": [
      0.8461337821153405,
      -0.11109120933953666,
      -0.5212641997784507
    ],
    "voxel_refined_contact_world": [
      -26.960457709165812,
      -154.30208149808783,
      1196.8012000192875
    ],
    "voxel_refinement_method": "ct_threshold_wall_search",
    "voxel_to_mesh_contact_distance_mm": 1.3108165583430835,
    "voxel_wall_normal_world": [
      0.7814368892348387,
      -0.07178325090659783,
      -0.619841554780138
    ],
    "warnings": []
  },
  "preset_id": "station_7_node_a",
  "preset_override_applied": true,
  "preset_override_axis_sign_override": null,
  "preset_override_branch_hint": null,
  "preset_override_branch_shift_mm": null,
  "preset_override_cutaway_side": null,
  "preset_override_notes": "Review LMS and RMS approaches separately because the same target is sampled from both mainstem contacts.",
  "preset_override_reference_fov_mm": null,
  "preset_override_roll_offset_deg": 0.0,
  "preset_override_vessel_overlays": [
    "left_atrium",
    "pulmonary_artery",
    "azygous"
  ],
  "reference_fov_mm": 100.0,
  "reference_plane": "probe_ray_domain_nUS_nB",
  "refine_contact_enabled": true,
  "refined_contact_to_airway_distance_mm": 0.19221097287123254,
  "refined_contact_world": [
    -28.07447116393732,
    -154.12867303329799,
    1197.4698879708417
  ],
  "roll_deg": 0.0,
  "sector_angle_deg": 60.0,
  "seed": 1099098264,
  "show_frustum": false,
  "show_full_airway": false,
  "show_legend": false,
  "simulated_ebus_enabled": true,
  "single_vessel_name": null,
  "slice_samples": 5,
  "slice_thickness_mm": 4.0,
  "source_oblique_size_mm": 51.79,
  "source_plane": "probe_ray_domain_nUS_nB",
  "station_overlay_enabled": false,
  "target_in_default_forward_hemisphere": true,
  "target_overlay_enabled": false,
  "target_world": [
    -14.706595759411217,
    -155.7811967400809,
    1196.0412926391382
  ],
  "tip_start_world": [
    -25.26137379739092,
    -155.98838677764536,
    1202.432543307999
  ],
  "training_use": "CT-derived simulated CP-EBUS B-mode for orientation training; not clinically validated.",
  "vessel_overlay_names": [],