{
  "airway_lumen_overlay_enabled": false,
  "airway_overlay_enabled": false,
  "airway_wall_overlay_enabled": false,
  "approach": "default",
  "attenuation": 0.15,
  "case_id": "3D_slicer_files",
  "centerline_projection_distance_mm": 3.0492826450794954,
  "contact_overlay_enabled": false,
  "contact_refinement_method": "raw_mesh_projection_search",
  "contact_to_airway_distance_mm": 0.035760946730570085,
  "contact_world": [
    -1.8401470551320385,
    -158.02997226760007,
    1210.6398261597844
  ],
  "cutaway_depth_mm": 0.0,
  "cutaway_mesh_source": "none",
  "cutaway_mode": "lateral",
  "cutaway_normal": [
    -0.10242400231901642,
    -0.9479033975227327,
    -0.30164295568405786
  ],
  "cutaway_open_side": "left",
  "cutaway_origin": [
    -1.8401470551320385,
    -158.02997226760007,
    1210.6398261597844
  ],
  "cutaway_origin_mode": "contact",
  "cutaway_side": "auto",
  "cutaway_side_source": "physics_placeholder",
  "device_axes": {
    "display_lateral": [
      -0.53938157711824,
      -0.2018661262218741,
      0.817506930459684
    ],
    "nB": [
      0.53938157711824,
      0.2018661262218741,
      -0.817506930459684
    ],
    "nC": [
      0.7927164331923422,
      0.10540706438005774,
      -0.6004082005815621
    ],
    "nUS": [
      0.8358090918471719,
      -0.24643298490468912,
      0.4906056929312694
    ],
    "wall_normal": [
      0.8306184970566474,
      -0.24835007366406198,
      0.498392569425359
    ]
  },
  "device_label": "Olympus BF-UC180F-like",
  "device_model": "bf_uc180f",
  "diagnostic_panel_enabled": false,
  "diagnostic_panel_layout": [],
  "display_plane": "nUS_nB_fan",
  "engine": "physics",
  "engine_diagnostics": {
    "appearance_profile": {
      "boundary_weight": 1.7,
      "compression_percentile": 99.0,
      "log_gain": 7.5,
      "name": "review_realistic_v1",
      "output_gamma": 0.82,
      "post_blur_depth_sigma": 0.75,
      "post_blur_lateral_sigma": 0.38,
      "scatter_weight": 0.9,
      "sector_floor": 0.035,
      "target_darkening_strength": 0.16,
      "target_rim_strength": 0.07,
      "tgc_end": 1.42,
      "tgc_start": 1.0,
      "tissue_floor": 0.028,
      "vessel_suppression": 0.38,
      "wall_boundary_boost": 0.26
    },
    "artifact_settings": {
      "reverberation_strength": 0.28,
      "shadow_strength": 0.47,
      "speckle_strength": 0.22
    },
    "debug_map_paths": {},
    "eval_summary": {
      "sector": {
        "mean": 0.19909365475177765,
        "p05": 0.05389205366373062,
        "p50": 0.17838191986083984,
        "p95": 0.44436636567115784,
        "pixel_count": 131073,
        "std": 0.1344347596168518
      },
      "target": {
        "mean": 0.27462679147720337,
        "p05": 0.2423132359981537,
        "p50": 0.2683483362197876,
        "p95": 0.324002742767334,
        "pixel_count": 8006,
        "std": 0.025671495124697685
      },
      "target_contrast_vs_sector": 0.07553313672542572,
      "vessel": {
        "mean": 0.06147162243723869,
        "p05": 0.052527789026498795,
        "p50": 0.05977116525173187,
        "p95": 0.07195653021335602,
        "pixel_count": 46431,
        "std": 0.011769581586122513
      },
      "vessel_contrast_vs_sector": -0.13762203231453896,
      "wall": {
        "mean": 0.9994617700576782,
        "p05": 1.0,
        "p50": 1.0,
        "p95": 1.0,
        "pixel_count": 58,
        "std": 0.004063453525304794
      },
      "wall_contrast_vs_sector": 0.8003681153059006
    }
  },
  "engine_version": "physics-v1",
  "gain": 1.0,
  "image_size": [
    512,
    512
  ],
  "label_overlays": false,
  "manifest_path": "tools/ebus-simulator/configs/3d_slicer_files.yaml",
  "max_depth_mm": 40.0,
  "metadata_path": "sector_bmode/station_4l_node_c__default.json",
  "mode": "clean",
  "nearest_centerline_point": [
    -6.0650289702175835,
    -156.93420301028627,
    1208.5092415214165
  ],
  "original_contact_to_airway_distance_mm": 1.609375,
  "original_contact_world": [
    -3.4643454135842067,
    -158.1477615221757,
    1209.5397003639039
  ],
  "output_path": "sector_bmode/station_4l_node_c__default.png",
  "overlays_enabled": [],
  "pose_axes": {
    "depth_axis": [
      0.8270093498694338,
      0.05574893550987495,
      0.5594171890620204
    ],
    "lateral_axis": [
      0.15850252204295256,
      -0.9778252007765449,
      -0.13687522504943375
    ],
    "shaft_axis": [
      0.53938157711824,
      0.2018661262218741,
      -0.817506930459684
    ]
  },
  "pose_comparison": {
    "branch_hint": null,
    "branch_hint_applied": false,
    "branch_hint_match": null,
    "candidate_branch_graph_name": "main",
    "candidate_branch_line_index": 0,
    "final_nB_world": [
      0.53938157711824,
      0.2018661262218741,
      -0.817506930459684
    ],
    "final_nC_world": [
      0.7927164331923422,
      0.10540706438005774,
      -0.6004082005815621
    ],
    "final_nUS_world": [
      0.8358090918471719,
      -0.24643298490468912,
      0.4906056929312694
    ],
    "markup_contact_world": [
      -3.4643454135842067,
      -158.1477615221757,
      1209.5397003639039
    ],
    "mesh_contact_to_airway_distance_mm": 0.035760946730570085,
    "mesh_nUS_world": [
      0.8358090918471719,
      -0.24643298490468912,
      0.4906056929312694
    ],
    "mesh_refined_contact_world": [
      -1.8401470551320385,
      -158.02997226760007,
      1210.6398261597844
    ],
    "mesh_refinement_method": "raw_mesh_projection_search",
    "mesh_wall_normal_world": [
      0.8306184970566474,
      -0.24835007366406198,
      0.498392569425359
    ],
    "optimized_axis_sign_override": null,
    "optimized_branch_shift_mm": null,
    "optimized_objective": null,
    "optimized_roll_offset_deg": null,
    "voxel_contact_to_airway_distance_mm": 0.0,
    "voxel_nUS_world": [
      0.8341874502097754,
      -0.26055190661930777,
      0.4860493821306196
    ],
    "voxel_refined_contact_world": [
      -1.8103267138453392,
      -158.03626365115596,
      1210.658534742028
    ],
    "voxel_refinement_method": "ct_threshold_wall_search",
    "voxel_to_mesh_contact_distance_mm": 0.035760946730570085,
    "voxel_wall_normal_world": [
      0.8692152785866312,
      -0.24609401817741366,
      0.42883858698682886
    ],
    "warnings": []
  },
  "preset_id": "station_4l_node_c",
  "preset_override_applied": true,
  "preset_override_axis_sign_override": null,
  "preset_override_branch_hint": null,
  "preset_override_branch_shift_mm": null,
  "preset_override_cutaway_side": null,
  "preset_override_notes": null,
  "preset_override_reference_fov_mm": null,
  "preset_override_roll_offset_deg": 0.0,
  "preset_override_vessel_overlays": [
    "aorta",
    "pulmonary_artery",
    "left_atrium"
  ],
  "reference_fov_mm": 100.0,
  "reference_plane": "probe_ray_domain_nUS_nB",
  "refine_contact_enabled": true,
  "refined_contact_to_airway_distance_mm": 0.035760946730570085,
  "refined_contact_world": [
    -1.8401470551320385,
    -158.02997226760007,
    1210.6398261597844
  ],
  "roll_deg": 0.0,
  "sector_angle_deg": 60.0,
  "seed": 2919570085,
  "show_frustum": false,
  "show_full_airway": false,
  "show_legend": false,
  "simulated_ebus_enabled": true,
  "single_vessel_name": null,
  "slice_samples": 5,
  "slice_thickness_mm": 4.0,
  "source_oblique_size_mm": 51.79,
  "source_plane": "probe_ray_domain_nUS_nB",
  "station_overlay_enabled": false,
  "target_in_default_forward_hemisphere": true,
  "target_overlay_enabled": false,
  "target_world": [
    13.418924520143378,
    -156.12623131510122,
    1214.6490083775839
  ],
  "tip_start_world": [
    -5.076436517841478,
    -159.2411690249313,
    1215.5448677425425
  ],
  "training_use": "CT-derived simulated CP-EBUS B-mode for orientation training; not clinically validated.",
  "vessel_overlay_names": [],
  "view_kind": "physics_bmode",
  "virtual_ebus_enabled": false,
  "voxel_refined_contact_to_airway_distance_mm": 0.0,