{
  "airway_lumen_overlay_enabled": false,
  "airway_overlay_enabled": false,
  "airway_wall_overlay_enabled": false,
  "approach": "default",
  "attenuation": 0.15,
  "case_id": "3D_slicer_files",
  "centerline_projection_distance_mm": 4.73953462912972,
  "contact_overlay_enabled": false,
  "contact_refinement_method": "raw_mesh_projection_search",
  "contact_to_airway_distance_mm": 0.12653614025917256,
  "contact_world": [
    -22.81863012355642,
    -161.69222274115097,
    1206.9521748879158
  ],
  "cutaway_depth_mm": 0.0,
  "cutaway_mesh_source": "none",
  "cutaway_mode": "lateral",
  "cutaway_normal": [
    -0.6781673257009475,
    -0.20141519751845843,
    0.7067679934463823
  ],
  "cutaway_open_side": "left",
  "cutaway_origin": [
    -22.81863012355642,
    -161.69222274115097,
    1206.9521748879158
  ],
  "cutaway_origin_mode": "contact",
  "cutaway_side": "auto",
  "cutaway_side_source": "physics_placeholder",
  "device_axes": {
    "display_lateral": [
      0.7347568331105221,
      -0.16635154984763686,
      0.657616573742394
    ],
    "nB": [
      -0.7347568331105221,
      0.16635154984763686,
      -0.657616573742394
    ],
    "nC": [
      -0.68535562319085,
      -0.17382474656445224,
      -0.7071581345374497
    ],
    "nUS": [
      0.014882020999226036,
      -0.9652766857600413,
      -0.26080537835537254
    ],
    "wall_normal": [
      -0.06142204479918679,
      -0.9428111430281756,
      -0.3276194148621107
    ]
  },
  "device_label": "Olympus BF-UC180F-like",
  "device_model": "bf_uc180f",
  "diagnostic_panel_enabled": false,
  "diagnostic_panel_layout": [],
  "display_plane": "nUS_nB_fan",
  "engine": "physics",
  "engine_diagnostics": {
    "appearance_profile": {
      "boundary_weight": 1.7,
      "compression_percentile": 99.0,
      "log_gain": 7.5,
      "name": "review_realistic_v1",
      "output_gamma": 0.82,
      "post_blur_depth_sigma": 0.75,
      "post_blur_lateral_sigma": 0.38,
      "scatter_weight": 0.9,
      "sector_floor": 0.035,
      "target_darkening_strength": 0.16,
      "target_rim_strength": 0.07,
      "tgc_end": 1.42,
      "tgc_start": 1.0,
      "tissue_floor": 0.028,
      "vessel_suppression": 0.38,
      "wall_boundary_boost": 0.26
    },
    "artifact_settings": {
      "reverberation_strength": 0.28,
      "shadow_strength": 0.47,
      "speckle_strength": 0.22
    },
    "debug_map_paths": {},
    "eval_summary": {
      "sector": {
        "mean": 0.3019408881664276,
        "p05": 0.06061774492263794,
        "p50": 0.3379417061805725,
        "p95": 0.7223609089851379,
        "pixel_count": 131073,
        "std": 0.21000778675079346
      },
      "target": {
        "mean": 0.38718003034591675,
        "p05": 0.3206952214241028,
        "p50": 0.37212324142456055,
        "p95": 0.5004373788833618,
        "pixel_count": 18261,
        "std": 0.05503794923424721
      },
      "target_contrast_vs_sector": 0.08523914217948914,
      "vessel": {
        "mean": 0.07025294750928879,
        "p05": 0.0592852383852005,
        "p50": 0.0654672309756279,
        "p95": 0.08607533574104309,
        "pixel_count": 47954,
        "std": 0.017344174906611443
      },
      "vessel_contrast_vs_sector": -0.23168794065713882,
      "wall": {
        "mean": 1.0,
        "p05": 1.0,
        "p50": 1.0,
        "p95": 1.0,
        "pixel_count": 14,
        "std": 0.0
      },
      "wall_contrast_vs_sector": 0.6980591118335724
    }
  },
  "engine_version": "physics-v1",
  "gain": 1.0,
  "image_size": [
    512,
    512
  ],
  "label_overlays": false,
  "manifest_path": "tools/ebus-simulator/configs/3d_slicer_files.yaml",
  "max_depth_mm": 40.0,
  "metadata_path": "sector_bmode/station_10r_node_a__default.json",
  "mode": "clean",
  "nearest_centerline_point": [
    -22.920314658967463,
    -157.01338424744313,
    1208.9442706576735
  ],
  "original_contact_to_airway_distance_mm": 0.0,
  "original_contact_world": [
    -22.72197112659498,
    -161.30334405275985,
    1206.9392536471091
  ],
  "output_path": "sector_bmode/station_10r_node_a__default.png",
  "overlays_enabled": [],
  "pose_axes": {
    "depth_axis": [
      -0.05411733752218819,
      -0.9807485913314934,
      -0.1876259960154805
    ],
    "lateral_axis": [
      -0.6761684035629778,
      -0.10227102456013976,
      0.7296142320147774
    ],
    "shaft_axis": [
      -0.7347568331105221,
      0.16635154984763686,
      -0.657616573742394
    ]
  },
  "pose_comparison": {
    "branch_hint": null,
    "branch_hint_applied": false,
    "branch_hint_match": null,
    "candidate_branch_graph_name": "main",
    "candidate_branch_line_index": 8,
    "final_nB_world": [
      -0.7347568331105221,
      0.16635154984763686,
      -0.657616573742394
    ],
    "final_nC_world": [
      -0.68535562319085,
      -0.17382474656445224,
      -0.7071581345374497
    ],
    "final_nUS_world": [
      0.014882020999226036,
      -0.9652766857600413,
      -0.26080537835537254
    ],
    "markup_contact_world": [
      -22.72197112659498,
      -161.30334405275985,
      1206.9392536471091
    ],
    "mesh_contact_to_airway_distance_mm": 0.12653614025917256,
    "mesh_nUS_world": [
      0.014882020999226036,
      -0.9652766857600413,
      -0.26080537835537254
    ],
    "mesh_refined_contact_world": [
      -22.81863012355642,
      -161.69222274115097,
      1206.9521748879158
    ],
    "mesh_refinement_method": "raw_mesh_projection_search",
    "mesh_wall_normal_world": [
      -0.06142204479918679,
      -0.9428111430281756,
      -0.3276194148621107
    ],
    "optimized_axis_sign_override": null,
    "optimized_branch_shift_mm": null,
    "optimized_objective": null,
    "optimized_roll_offset_deg": null,
    "voxel_contact_to_airway_distance_mm": 0.0,
    "voxel_nUS_world": [
      0.07792157598296458,
      -0.9423468071862064,
      -0.32543927695085245
    ],
    "voxel_refined_contact_world": [
      -22.77608846411717,
      -162.28409264409134,
      1206.7516276510937
    ],
    "voxel_refinement_method": "ct_threshold_wall_search",
    "voxel_to_mesh_contact_distance_mm": 0.6263696743868383,
    "voxel_wall_normal_world": [
      -0.07014122343804688,
      -0.8902582424721964,
      -0.45002274440846873
    ],
    "warnings": []
  },
  "preset_id": "station_10r_node_a",
  "preset_override_applied": true,
  "preset_override_axis_sign_override": null,
  "preset_override_branch_hint": null,
  "preset_override_branch_shift_mm": null,
  "preset_override_cutaway_side": null,
  "preset_override_notes": null,
  "preset_override_reference_fov_mm": null,
  "preset_override_roll_offset_deg": 0.0,
  "preset_override_vessel_overlays": [
    "pulmonary_artery",
    "azygous"
  ],
  "reference_fov_mm": 100.0,
  "reference_plane": "probe_ray_domain_nUS_nB",
  "refine_contact_enabled": true,
  "refined_contact_to_airway_distance_mm": 0.12653614025917256,
  "refined_contact_world": [
    -22.81863012355642,
    -161.69222274115097,
    1206.9521748879158
  ],
  "roll_deg": 0.0,
  "sector_angle_deg": 60.0,
  "seed": 3682238254,
  "show_frustum": false,
  "show_full_airway": false,
  "show_legend": false,
  "simulated_ebus_enabled": true,
  "single_vessel_name": null,
  "slice_samples": 5,
  "slice_thickness_mm": 4.0,
  "source_oblique_size_mm": 51.79,
  "source_plane": "probe_ray_domain_nUS_nB",
  "station_overlay_enabled": false,
  "target_in_default_forward_hemisphere": true,
  "target_overlay_enabled": false,
  "target_world": [
    -22.437059121548383,
    -177.81774049496937,
    1204.8884496977441
  ],
  "tip_start_world": [
    -18.41008912489329,
    -162.6903320402368,
    1210.89787433037
  ],
  "training_use": "CT-derived simulated CP-EBUS B-mode for orientation training; not clinically validated.",
  "vessel_overlay_names": [],
  "view_kind": "physics_bmode",
  "virtual_ebus_enabled": false,
  "voxel_refined_contact_to_airway_distance_mm": 0.0,