{
  "airway_lumen_overlay_enabled": false,
  "airway_overlay_enabled": false,
  "airway_wall_overlay_enabled": false,
  "approach": "default",
  "attenuation": 0.15,
  "case_id": "3D_slicer_files",
  "centerline_projection_distance_mm": 4.193843302761408,
  "contact_overlay_enabled": false,
  "contact_refinement_method": "raw_mesh_projection_search",
  "contact_to_airway_distance_mm": 0.08989841074204595,
  "contact_world": [
    -22.87805568617643,
    -160.8358927427587,
    1214.6739031970696
  ],
  "cutaway_depth_mm": 0.0,
  "cutaway_mesh_source": "none",
  "cutaway_mode": "lateral",
  "cutaway_normal": [
    -0.3273468928740646,
    0.819748153057841,
    0.4699542289244284
  ],
  "cutaway_open_side": "left",
  "cutaway_origin": [
    -22.87805568617643,
    -160.8358927427587,
    1214.6739031970696
  ],
  "cutaway_origin_mode": "contact",
  "cutaway_side": "auto",
  "cutaway_side_source": "physics_placeholder",
  "device_axes": {
    "display_lateral": [
      0.6227139673800045,
      -0.18691786197119417,
      0.7597953854202936
    ],
    "nB": [
      -0.6227139673800045,
      0.18691786197119417,
      -0.7597953854202936
    ],
    "nC": [
      -0.8282278621700968,
      -0.00951196186645864,
      -0.5603107449501592
    ],
    "nUS": [
      -0.7106837035950314,
      -0.5413637210179272,
      0.44928164330414566
    ],
    "wall_normal": [
      -0.7767301276598659,
      -0.5166682408016245,
      0.36020027447580183
    ]
  },
  "device_label": "Olympus BF-UC180F-like",
  "device_model": "bf_uc180f",
  "diagnostic_panel_enabled": false,
  "diagnostic_panel_layout": [],
  "display_plane": "nUS_nB_fan",
  "engine": "physics",
  "engine_diagnostics": {
    "appearance_profile": {
      "boundary_weight": 1.7,
      "compression_percentile": 99.0,
      "log_gain": 7.5,
      "name": "review_realistic_v1",
      "output_gamma": 0.82,
      "post_blur_depth_sigma": 0.75,
      "post_blur_lateral_sigma": 0.38,
      "scatter_weight": 0.9,
      "sector_floor": 0.035,
      "target_darkening_strength": 0.16,
      "target_rim_strength": 0.07,
      "tgc_end": 1.42,
      "tgc_start": 1.0,
      "tissue_floor": 0.028,
      "vessel_suppression": 0.38,
      "wall_boundary_boost": 0.26
    },
    "artifact_settings": {
      "reverberation_strength": 0.28,
      "shadow_strength": 0.47,
      "speckle_strength": 0.22
    },
    "debug_map_paths": {},
    "eval_summary": {
      "sector": {
        "mean": 0.1925085484981537,
        "p05": 0.05821016803383827,
        "p50": 0.16598623991012573,
        "p95": 0.3922911286354065,
        "pixel_count": 131073,
        "std": 0.11583113670349121
      },
      "target": {
        "mean": 0.3086998462677002,
        "p05": 0.279754102230072,
        "p50": 0.30387574434280396,
        "p95": 0.35115036368370056,
        "pixel_count": 9148,
        "std": 0.023097384721040726
      },
      "target_contrast_vs_sector": 0.11619129776954651,
      "vessel": {
        "mean": 0.0663287341594696,
        "p05": 0.054131947457790375,
        "p50": 0.06386396288871765,
        "p95": 0.07668237388134003,
        "pixel_count": 31773,
        "std": 0.016256121918559074
      },
      "vessel_contrast_vs_sector": -0.12617981433868408,
      "wall": {
        "mean": 0.9999736547470093,
        "p05": 1.0,
        "p50": 1.0,
        "p95": 1.0,
        "pixel_count": 82,
        "std": 0.00023687831708230078
      },
      "wall_contrast_vs_sector": 0.8074651062488556
    }
  },
  "engine_version": "physics-v1",
  "gain": 1.0,
  "image_size": [
    512,
    512
  ],
  "label_overlays": false,
  "manifest_path": "tools/ebus-simulator/configs/3d_slicer_files.yaml",
  "max_depth_mm": 40.0,
  "metadata_path": "sector_bmode/station_10r_node_b__default.json",
  "mode": "clean",
  "nearest_centerline_point": [
    -19.170770059094718,
    -157.88882413615775,
    1212.7291744290849
  ],
  "original_contact_to_airway_distance_mm": 0.8046875,
  "original_contact_world": [
    -22.149400772710955,
    -159.76729672120433,
    1215.0067655836267
  ],
  "output_path": "sector_bmode/station_10r_node_b__default.png",
  "overlays_enabled": [],
  "pose_axes": {
    "depth_axis": [
      -0.5374773922133528,
      -0.8078803193192808,
      0.2417590588087873
    ],
    "lateral_axis": [
      -0.5686346522059561,
      0.5589195850323143,
      0.6035424838219071
    ],
    "shaft_axis": [
      -0.6227139673800045,
      0.18691786197119417,
      -0.7597953854202936
    ]
  },
  "pose_comparison": {
    "branch_hint": null,
    "branch_hint_applied": false,
    "branch_hint_match": null,
    "candidate_branch_graph_name": "main",
    "candidate_branch_line_index": 8,
    "final_nB_world": [
      -0.6227139673800045,
      0.18691786197119417,
      -0.7597953854202936
    ],
    "final_nC_world": [
      -0.8282278621700968,
      -0.00951196186645864,
      -0.5603107449501592
    ],
    "final_nUS_world": [
      -0.7106837035950314,
      -0.5413637210179272,
      0.44928164330414566
    ],
    "markup_contact_world": [
      -22.149400772710955,
      -159.76729672120433,
      1215.0067655836267
    ],
    "mesh_contact_to_airway_distance_mm": 0.08989841074204595,
    "mesh_nUS_world": [
      -0.7106837035950314,
      -0.5413637210179272,
      0.44928164330414566
    ],
    "mesh_refined_contact_world": [
      -22.87805568617643,
      -160.8358927427587,
      1214.6739031970696
    ],
    "mesh_refinement_method": "raw_mesh_projection_search",
    "mesh_wall_normal_world": [
      -0.7767301276598659,
      -0.5166682408016245,
      0.36020027447580183
    ],
    "optimized_axis_sign_override": null,
    "optimized_branch_shift_mm": null,
    "optimized_objective": null,
    "optimized_roll_offset_deg": null,
    "voxel_contact_to_airway_distance_mm": 0.0,
    "voxel_nUS_world": [
      -0.7263599029541401,
      -0.49912457482724903,
      0.47252084629566343
    ],
    "voxel_refined_contact_world": [
      -23.22435555713766,
      -161.3830573598429,
      1215.4902837012444
    ],
    "voxel_refinement_method": "ct_threshold_wall_search",
    "voxel_to_mesh_contact_distance_mm": 1.0420124022358168,
    "voxel_wall_normal_world": [
      -0.7073997085551554,
      -0.5044946044295915,
      0.495046307366807
    ],
    "warnings": []
  },
  "preset_id": "station_10r_node_b",
  "preset_override_applied": true,
  "preset_override_axis_sign_override": null,
  "preset_override_branch_hint": null,
  "preset_override_branch_shift_mm": null,
  "preset_override_cutaway_side": null,
  "preset_override_notes": null,
  "preset_override_reference_fov_mm": null,
  "preset_override_roll_offset_deg": 0.0,
  "preset_override_vessel_overlays": [
    "pulmonary_artery",
    "azygous"
  ],
  "reference_fov_mm": 100.0,
  "reference_plane": "probe_ray_domain_nUS_nB",
  "refine_contact_enabled": true,
  "refined_contact_to_airway_distance_mm": 0.08989841074204595,
  "refined_contact_world": [
    -22.87805568617643,
    -160.8358927427587,
    1214.6739031970696
  ],
  "roll_deg": 0.0,
  "sector_angle_deg": 60.0,
  "seed": 2958031853,
  "show_frustum": false,
  "show_full_airway": false,
  "show_legend": false,
  "simulated_ebus_enabled": true,
  "single_vessel_name": null,
  "slice_samples": 5,
  "slice_thickness_mm": 4.0,
  "source_oblique_size_mm": 51.79,
  "source_plane": "probe_ray_domain_nUS_nB",
  "station_overlay_enabled": false,
  "target_in_default_forward_hemisphere": true,
  "target_overlay_enabled": false,
  "target_world": [
    -29.671346554035843,
    -168.09168225995703,
    1215.6287981625358
  ],
  "tip_start_world": [
    -19.141771881896403,
    -161.95739991458586,
    1219.2326755095914
  ],
  "training_use": "CT-derived simulated CP-EBUS B-mode for orientation training; not clinically validated.",
  "vessel_overlay_names": [],
  "view_kind": "physics_bmode",
  "virtual_ebus_enabled": false,
  "voxel_refined_contact_to_airway_distance_mm": 0.0,