{
  "airway_lumen_overlay_enabled": false,
  "airway_overlay_enabled": false,
  "airway_wall_overlay_enabled": false,
  "approach": "lms",
  "attenuation": 0.15,
  "case_id": "3D_slicer_files",
  "centerline_projection_distance_mm": 3.548407028163961,
  "contact_overlay_enabled": false,
  "contact_refinement_method": "raw_mesh_projection_search",
  "contact_to_airway_distance_mm": 0.010870763241346887,
  "contact_world": [
    -31.724918025766197,
    -156.27486896900623,
    1210.728067582357
  ],
  "cutaway_depth_mm": 0.0,
  "cutaway_mesh_source": "none",
  "cutaway_mode": "lateral",
  "cutaway_normal": [
    -0.023621212896287103,
    -0.9135735847777467,
    -0.4059868760165108
  ],
  "cutaway_open_side": "left",
  "cutaway_origin": [
    -31.724918025766197,
    -156.27486896900623,
    1210.728067582357
  ],
  "cutaway_origin_mode": "contact",
  "cutaway_side": "auto",
  "cutaway_side_source": "physics_placeholder",
  "device_axes": {
    "display_lateral": [
      0.8664766941759531,
      -0.22127053818557874,
      0.44750138254644123
    ],
    "nB": [
      -0.8664766941759531,
      0.22127053818557874,
      -0.44750138254644123
    ],
    "nC": [
      -0.6436705460969756,
      0.3246261781340788,
      -0.69304117666794
    ],
    "nUS": [
      0.4986583767984052,
      0.34120764078109644,
      -0.7968168981148542
    ],
    "wall_normal": [
      -0.1666975050018067,
      -0.3968155785298783,
      0.9026346650013896
    ]
  },
  "device_label": "Olympus BF-UC180F-like",
  "device_model": "bf_uc180f",
  "diagnostic_panel_enabled": false,
  "diagnostic_panel_layout": [],
  "display_plane": "nUS_nB_fan",
  "engine": "physics",
  "engine_diagnostics": {
    "appearance_profile": {
      "boundary_weight": 1.7,
      "compression_percentile": 99.0,
      "log_gain": 7.5,
      "name": "review_realistic_v1",
      "output_gamma": 0.82,
      "post_blur_depth_sigma": 0.75,
      "post_blur_lateral_sigma": 0.38,
      "scatter_weight": 0.9,
      "sector_floor": 0.035,
      "target_darkening_strength": 0.16,
      "target_rim_strength": 0.07,
      "tgc_end": 1.42,
      "tgc_start": 1.0,
      "tissue_floor": 0.028,
      "vessel_suppression": 0.38,
      "wall_boundary_boost": 0.26
    },
    "artifact_settings": {
      "reverberation_strength": 0.28,
      "shadow_strength": 0.47,
      "speckle_strength": 0.22
    },
    "debug_map_paths": {},
    "eval_summary": {
      "sector": {
        "mean": 0.12174563854932785,
        "p05": 0.035004716366529465,
        "p50": 0.11432699859142303,
        "p95": 0.2579607367515564,
        "pixel_count": 131073,
        "std": 0.08781735599040985
      },
      "target": {
        "mean": 0.1478142887353897,
        "p05": 0.13218876719474792,
        "p50": 0.1456776112318039,
        "p95": 0.16974076628684998,
        "pixel_count": 5213,
        "std": 0.012130661867558956
      },
      "target_contrast_vs_sector": 0.02606865018606186,
      "vessel": {
        "mean": 0.047573722898960114,
        "p05": 0.04300985112786293,
        "p50": 0.0438571535050869,
        "p95": 0.0735303983092308,
        "pixel_count": 1359,
        "std": 0.00996929407119751
      },
      "vessel_contrast_vs_sector": -0.07417191565036774,
      "wall": {
        "mean": 0.4992075562477112,
        "p05": 0.1892319619655609,
        "p50": 0.41761642694473267,
        "p95": 1.0,
        "pixel_count": 1954,
        "std": 0.27835336327552795
      },
      "wall_contrast_vs_sector": 0.37746191769838333
    }
  },
  "engine_version": "physics-v1",
  "gain": 1.0,
  "image_size": [
    512,
    512
  ],
  "label_overlays": false,
  "manifest_path": "tools/ebus-simulator/configs/3d_slicer_files.yaml",
  "max_depth_mm": 40.0,
  "metadata_path": "sector_bmode/station_7_node_a__lms.json",
  "mode": "clean",
  "nearest_centerline_point": [
    4.246675685824592,
    -153.04078988596697,
    1196.6546689076647
  ],
  "original_contact_to_airway_distance_mm": 0.8046875,
  "original_contact_world": [
    2.5769567775691584,
    -152.82501336264266,
    1193.5311017646502
  ],
  "output_path": "sector_bmode/station_7_node_a__lms.png",
  "overlays_enabled": [],
  "pose_axes": {
    "depth_axis": [
      -0.5697889115718577,
      0.031052711460359757,
      -0.8212041922449723
    ],
    "lateral_axis": [
      -0.14727241268843816,
      0.9792499632935091,
      0.13921331060853187
    ],
    "shaft_axis": [
      0.8084871258781331,
      0.2002629234297274,
      -0.553392563004505
    ]
  },
  "pose_comparison": {
    "branch_hint": "network:1",
    "branch_hint_applied": true,
    "branch_hint_match": true,
    "candidate_branch_graph_name": "network",
    "candidate_branch_line_index": 1,
    "final_nB_world": [
      -0.8664766941759531,
      0.22127053818557874,
      -0.44750138254644123
    ],
    "final_nC_world": [
      -0.6436705460969756,
      0.3246261781340788,
      -0.69304117666794
    ],
    "final_nUS_world": [
      0.4986583767984052,
      0.34120764078109644,
      -0.7968168981148542
    ],
    "markup_contact_world": [
      2.5769567775691584,
      -152.82501336264266,
      1193.5311017646502
    ],
    "mesh_contact_to_airway_distance_mm": 0.010870763241346887,
    "mesh_nUS_world": [
      0.4986583767984052,
      0.34120764078109644,
      -0.7968168981148542
    ],
    "mesh_refined_contact_world": [
      -31.724918025766197,
      -156.27486896900623,
      1210.728067582357
    ],
    "mesh_refinement_method": "raw_mesh_projection_search",
    "mesh_wall_normal_world": [
      -0.1666975050018067,
      -0.3968155785298783,
      0.9026346650013896
    ],
    "optimized_axis_sign_override": null,
    "optimized_branch_shift_mm": null,
    "optimized_objective": null,
    "optimized_roll_offset_deg": null,
    "voxel_contact_to_airway_distance_mm": 0.0,
    "voxel_nUS_world": [
      0.4971256158305955,
      0.3004664679807346,
      -0.813993872031131
    ],
    "voxel_refined_contact_world": [
      -32.159987641970176,
      -156.16674784705285,
      1210.51473317694
    ],
    "voxel_refinement_method": "ct_threshold_wall_search",
    "voxel_to_mesh_contact_distance_mm": 0.496474890091123,
    "voxel_wall_normal_world": [
      -0.3195911429889669,
      -0.3376834362748301,
      0.885342531559751
    ],
    "warnings": []
  },
  "preset_id": "station_7_node_a",
  "preset_override_applied": true,
  "preset_override_axis_sign_override": null,
  "preset_override_branch_hint": "network:1",
  "preset_override_branch_shift_mm": 8.0,
  "preset_override_cutaway_side": null,
  "preset_override_notes": "Flagged stabilization pass: keep the LMS approach on the left-mainstem branch during local optimization.",
  "preset_override_reference_fov_mm": null,
  "preset_override_roll_offset_deg": 0.0,
  "preset_override_vessel_overlays": [
    "left_atrium",
    "pulmonary_artery",
    "aorta"
  ],
  "reference_fov_mm": 100.0,
  "reference_plane": "probe_ray_domain_nUS_nB",
  "refine_contact_enabled": true,
  "refined_contact_to_airway_distance_mm": 0.010870763241346887,
  "refined_contact_world": [
    -31.724918025766197,
    -156.27486896900623,
    1210.728067582357
  ],
  "roll_deg": 0.0,
  "sector_angle_deg": 60.0,
  "seed": 2079695166,
  "show_frustum": false,
  "show_full_airway": false,
  "show_legend": false,
  "simulated_ebus_enabled": true,
  "single_vessel_name": null,
  "slice_samples": 5,
  "slice_thickness_mm": 4.0,
  "source_oblique_size_mm": 51.79,
  "source_plane": "probe_ray_domain_nUS_nB",
  "station_overlay_enabled": false,
  "target_in_default_forward_hemisphere": true,
  "target_overlay_enabled": false,
  "target_world": [
    -14.706595759411217,
    -155.7811967400809,
    1196.0412926391382
  ],
  "tip_start_world": [
    -26.52605786071048,
    -157.6024921981197,
    1213.4130758776357
  ],
  "training_use": "CT-derived simulated CP-EBUS B-mode for orientation training; not clinically validated.",
  "vessel_overlay_names": [],