{
  "airway_lumen_overlay_enabled": false,
  "airway_overlay_enabled": false,
  "airway_wall_overlay_enabled": false,
  "approach": "default",
  "attenuation": 0.15,
  "case_id": "3D_slicer_files",
  "centerline_projection_distance_mm": 5.539871781998707,
  "contact_overlay_enabled": false,
  "contact_refinement_method": "raw_mesh_projection_search",
  "contact_to_airway_distance_mm": 0.0407480155624235,
  "contact_world": [
    -9.636363156573237,
    -176.90970309686261,
    1246.8590180116103
  ],
  "cutaway_depth_mm": 0.0,
  "cutaway_mesh_source": "none",
  "cutaway_mode": "lateral",
  "cutaway_normal": [
    -0.946114377636968,
    0.06815860807406818,
    0.31657856619489955
  ],
  "cutaway_open_side": "left",
  "cutaway_origin": [
    -9.636363156573237,
    -176.90970309686261,
    1246.8590180116103
  ],
  "cutaway_origin_mode": "contact",
  "cutaway_side": "auto",
  "cutaway_side_source": "physics_placeholder",
  "device_axes": {
    "display_lateral": [
      0.2800112244573027,
      -0.3188864576031473,
      0.9054861353633408
    ],
    "nB": [
      -0.2800112244573027,
      0.3188864576031473,
      -0.9054861353633408
    ],
    "nC": [
      -0.31876065597342995,
      -0.02366973034754999,
      -0.9475396498662539
    ],
    "nUS": [
      -0.1626692921437076,
      -0.9453390033753615,
      -0.28261788706793384
    ],
    "wall_normal": [
      -0.14224247409151886,
      -0.9657109980048068,
      -0.2171850521948594
    ]
  },
  "device_label": "Olympus BF-UC180F-like",
  "device_model": "bf_uc180f",
  "diagnostic_panel_enabled": false,
  "diagnostic_panel_layout": [],
  "display_plane": "nUS_nB_fan",
  "engine": "physics",
  "engine_diagnostics": {
    "appearance_profile": {
      "boundary_weight": 1.7,
      "compression_percentile": 99.0,
      "log_gain": 7.5,
      "name": "review_realistic_v1",
      "output_gamma": 0.82,
      "post_blur_depth_sigma": 0.75,
      "post_blur_lateral_sigma": 0.38,
      "scatter_weight": 0.9,
      "sector_floor": 0.035,
      "target_darkening_strength": 0.16,
      "target_rim_strength": 0.07,
      "tgc_end": 1.42,
      "tgc_start": 1.0,
      "tissue_floor": 0.028,
      "vessel_suppression": 0.38,
      "wall_boundary_boost": 0.26
    },
    "artifact_settings": {
      "reverberation_strength": 0.28,
      "shadow_strength": 0.47,
      "speckle_strength": 0.22
    },
    "debug_map_paths": {},
    "eval_summary": {
      "sector": {
        "mean": 0.3075866401195526,
        "p05": 0.0650235190987587,
        "p50": 0.33300429582595825,
        "p95": 0.5760923027992249,
        "pixel_count": 131073,
        "std": 0.19237913191318512
      },
      "target": {
        "mean": 0.47254377603530884,
        "p05": 0.39548277854919434,
        "p50": 0.45740413665771484,
        "p95": 0.6115832924842834,
        "pixel_count": 18518,
        "std": 0.06360409408807755
      },
      "target_contrast_vs_sector": 0.16495713591575623,
      "vessel": {
        "mean": 0.07432647794485092,
        "p05": 0.06315795332193375,
        "p50": 0.07135264575481415,
        "p95": 0.08552016317844391,
        "pixel_count": 45440,
        "std": 0.019124582409858704
      },
      "vessel_contrast_vs_sector": -0.2332601621747017,
      "wall": {
        "mean": 1.0,
        "p05": 1.0,
        "p50": 1.0,
        "p95": 1.0,
        "pixel_count": 19,
        "std": 0.0
      },
      "wall_contrast_vs_sector": 0.6924133598804474
    }
  },
  "engine_version": "physics-v1",
  "gain": 1.0,
  "image_size": [
    512,
    512
  ],
  "label_overlays": false,
  "manifest_path": "tools/ebus-simulator/configs/3d_slicer_files.yaml",
  "max_depth_mm": 40.0,
  "metadata_path": "sector_bmode/station_4r_node_b__default.json",
  "mode": "clean",
  "nearest_centerline_point": [
    -9.659440994262695,
    -170.2908935546875,
    1245.952392578125
  ],
  "original_contact_to_airway_distance_mm": 1.609375,
  "original_contact_world": [
    -10.265640157961904,
    -175.2366040932753,
    1243.5311017646502
  ],
  "output_path": "sector_bmode/station_4r_node_b__default.png",
  "overlays_enabled": [],
  "pose_axes": {
    "depth_axis": [
      -0.1884253039717394,
      -0.9241063964911027,
      -0.33245040650807867
    ],
    "lateral_axis": [
      -0.940520222409295,
      0.07235423673738064,
      0.33194363326523013
    ],
    "shaft_axis": [
      -0.28269703935897195,
      0.37522291026852317,
      -0.882774122608548
    ]
  },
  "pose_comparison": {
    "branch_hint": "network:0",
    "branch_hint_applied": true,
    "branch_hint_match": true,
    "candidate_branch_graph_name": "network",
    "candidate_branch_line_index": 0,
    "final_nB_world": [
      -0.2800112244573027,
      0.3188864576031473,
      -0.9054861353633408
    ],
    "final_nC_world": [
      -0.31876065597342995,
      -0.02366973034754999,
      -0.9475396498662539
    ],
    "final_nUS_world": [
      -0.1626692921437076,
      -0.9453390033753615,
      -0.28261788706793384
    ],
    "markup_contact_world": [
      -10.265640157961904,
      -175.2366040932753,
      1243.5311017646502
    ],
    "mesh_contact_to_airway_distance_mm": 0.0407480155624235,
    "mesh_nUS_world": [
      -0.1626692921437076,
      -0.9453390033753615,
      -0.28261788706793384
    ],
    "mesh_refined_contact_world": [
      -9.636363156573237,
      -176.90970309686261,
      1246.8590180116103
    ],
    "mesh_refinement_method": "raw_mesh_projection_search",
    "mesh_wall_normal_world": [
      -0.14224247409151886,
      -0.9657109980048068,
      -0.2171850521948594
    ],
    "optimized_axis_sign_override": null,
    "optimized_branch_shift_mm": null,
    "optimized_objective": null,
    "optimized_roll_offset_deg": null,
    "voxel_contact_to_airway_distance_mm": 0.0,
    "voxel_nUS_world": [
      -0.22478226186348166,
      -0.9387759720723368,
      -0.26109884911882747
    ],
    "voxel_refined_contact_world": [
      -9.629247513122516,
      -176.8703926906566,
      1246.8670467322104
    ],
    "voxel_refinement_method": "ct_threshold_wall_search",
    "voxel_to_mesh_contact_distance_mm": 0.0407480155624235,
    "voxel_wall_normal_world": [
      -0.23131325799840258,
      -0.931006986995798,
      -0.282347599315401
    ],
    "warnings": [
      "Voxel contact refinement was ambiguous; the best airway-wall candidate was chosen deterministically."
    ]
  },
  "preset_id": "station_4r_node_b",
  "preset_override_applied": true,
  "preset_override_axis_sign_override": null,
  "preset_override_branch_hint": "network:0",
  "preset_override_branch_shift_mm": -4.0,
  "preset_override_cutaway_side": null,
  "preset_override_notes": "Flagged stabilization pass: prefer the intended right paratracheal branch when mesh candidates are ambiguous.",
  "preset_override_reference_fov_mm": null,
  "preset_override_roll_offset_deg": 0.0,
  "preset_override_vessel_overlays": [
    "superior_vena_cava",
    "azygous",
    "pulmonary_artery"
  ],
  "reference_fov_mm": 100.0,
  "reference_plane": "probe_ray_domain_nUS_nB",
  "refine_contact_enabled": true,
  "refined_contact_to_airway_distance_mm": 0.0407480155624235,
  "refined_contact_world": [
    -9.636363156573237,
    -176.90970309686261,
    1246.8590180116103
  ],
  "roll_deg": 0.0,
  "sector_angle_deg": 60.0,
  "seed": 2431806556,
  "show_frustum": false,
  "show_full_airway": false,
  "show_legend": false,
  "simulated_ebus_enabled": true,
  "single_vessel_name": null,
  "slice_samples": 5,
  "slice_thickness_mm": 4.0,
  "source_oblique_size_mm": 51.79,
  "source_plane": "probe_ray_domain_nUS_nB",
  "station_overlay_enabled": false,
  "target_in_default_forward_hemisphere": true,
  "target_overlay_enabled": false,
  "target_world": [
    -10.990352215325188,
    -186.9976425104035,
    1244.0412926391382
  ],
  "tip_start_world": [
    -7.956295809829421,
    -178.8230218424815,
    1252.2919348237904
  ],