{
  "airway_lumen_overlay_enabled": false,
  "airway_overlay_enabled": false,
  "airway_wall_overlay_enabled": false,
  "approach": "default",
  "attenuation": 0.15,
  "case_id": "3D_slicer_files",
  "centerline_projection_distance_mm": 2.9197290717555435,
  "contact_overlay_enabled": false,
  "contact_refinement_method": "raw_mesh_projection_search",
  "contact_to_airway_distance_mm": 0.03262127816559435,
  "contact_world": [
    -4.689908484269838,
    -161.10257200338617,
    1213.334783582309
  ],
  "cutaway_depth_mm": 0.0,
  "cutaway_mesh_source": "none",
  "cutaway_mode": "lateral",
  "cutaway_normal": [
    -0.470371645212054,
    -0.7396049403527027,
    -0.4813886658266694
  ],
  "cutaway_open_side": "left",
  "cutaway_origin": [
    -4.689908484269838,
    -161.10257200338617,
    1213.334783582309
  ],
  "cutaway_origin_mode": "contact",
  "cutaway_side": "auto",
  "cutaway_side_source": "physics_placeholder",
  "device_axes": {
    "display_lateral": [
      -0.500911401445398,
      -0.2253342207920879,
      0.8356507983853244
    ],
    "nB": [
      0.500911401445398,
      0.2253342207920879,
      -0.8356507983853244
    ],
    "nC": [
      0.7191888634236173,
      -0.005164103536109548,
      -0.694795445265809
    ],
    "nUS": [
      0.7265247988076615,
      -0.6341995120984387,
      0.26448571903146173
    ],
    "wall_normal": [
      0.8010774925031935,
      -0.5866853822161098,
      0.11863858267331573
    ]
  },
  "device_label": "Olympus BF-UC180F-like",
  "device_model": "bf_uc180f",
  "diagnostic_panel_enabled": false,
  "diagnostic_panel_layout": [],
  "display_plane": "nUS_nB_fan",
  "engine": "physics",
  "engine_diagnostics": {
    "appearance_profile": {
      "boundary_weight": 1.7,
      "compression_percentile": 99.0,
      "log_gain": 7.5,
      "name": "review_realistic_v1",
      "output_gamma": 0.82,
      "post_blur_depth_sigma": 0.75,
      "post_blur_lateral_sigma": 0.38,
      "scatter_weight": 0.9,
      "sector_floor": 0.035,
      "target_darkening_strength": 0.16,
      "target_rim_strength": 0.07,
      "tgc_end": 1.42,
      "tgc_start": 1.0,
      "tissue_floor": 0.028,
      "vessel_suppression": 0.38,
      "wall_boundary_boost": 0.26
    },
    "artifact_settings": {
      "reverberation_strength": 0.28,
      "shadow_strength": 0.47,
      "speckle_strength": 0.22
    },
    "debug_map_paths": {},
    "eval_summary": {
      "sector": {
        "mean": 0.2907571792602539,
        "p05": 0.06502090394496918,
        "p50": 0.28043317794799805,
        "p95": 0.6488575339317322,
        "pixel_count": 131073,
        "std": 0.19877897202968597
      },
      "target": {
        "mean": 0.2954970896244049,
        "p05": 0.23798859119415283,
        "p50": 0.28661662340164185,
        "p95": 0.3848097324371338,
        "pixel_count": 16560,
        "std": 0.04604332149028778
      },
      "target_contrast_vs_sector": 0.004739910364151001,
      "vessel": {
        "mean": 0.07463174313306808,
        "p05": 0.0628657191991806,
        "p50": 0.07207418233156204,
        "p95": 0.08782145380973816,
        "pixel_count": 42725,
        "std": 0.017230533063411713
      },
      "vessel_contrast_vs_sector": -0.21612543612718582,
      "wall": {
        "mean": 1.0,
        "p05": 1.0,
        "p50": 1.0,
        "p95": 1.0,
        "pixel_count": 9,
        "std": 0.0
      },
      "wall_contrast_vs_sector": 0.7092428207397461
    }
  },
  "engine_version": "physics-v1",
  "gain": 1.0,
  "image_size": [
    512,
    512
  ],
  "label_overlays": false,
  "manifest_path": "tools/ebus-simulator/configs/3d_slicer_files.yaml",
  "max_depth_mm": 40.0,
  "metadata_path": "sector_bmode/station_4l_node_b__default.json",
  "mode": "clean",
  "nearest_centerline_point": [
    -8.800363540649414,
    -158.138916015625,
    1213.015380859375
  ],
  "original_contact_to_airway_distance_mm": 1.799335950644362,
  "original_contact_world": [
    -6.707188164472079,
    -160.0879503179101,
    1213.60249242078
  ],
  "output_path": "sector_bmode/station_4l_node_b__default.png",
  "overlays_enabled": [],
  "pose_axes": {
    "depth_axis": [
      0.7249380546867026,
      -0.6366844273098613,
      0.2628645219275005
    ],
    "lateral_axis": [
      -0.47281347777857063,
      -0.7374669002478258,
      -0.4822758404376034
    ],
    "shaft_axis": [
      0.500911401445398,
      0.2253342207920879,
      -0.8356507983853244
    ]
  },
  "pose_comparison": {
    "branch_hint": null,
    "branch_hint_applied": false,
    "branch_hint_match": null,
    "candidate_branch_graph_name": "main",
    "candidate_branch_line_index": 0,
    "final_nB_world": [
      0.500911401445398,
      0.2253342207920879,
      -0.8356507983853244
    ],
    "final_nC_world": [
      0.7191888634236173,
      -0.005164103536109548,
      -0.694795445265809
    ],
    "final_nUS_world": [
      0.7265247988076615,
      -0.6341995120984387,
      0.26448571903146173
    ],
    "markup_contact_world": [
      -6.707188164472079,
      -160.0879503179101,
      1213.60249242078
    ],
    "mesh_contact_to_airway_distance_mm": 0.03262127816559435,
    "mesh_nUS_world": [
      0.7265247988076615,
      -0.6341995120984387,
      0.26448571903146173
    ],
    "mesh_refined_contact_world": [
      -4.689908484269838,
      -161.10257200338617,
      1213.334783582309
    ],
    "mesh_refinement_method": "raw_mesh_projection_search",
    "mesh_wall_normal_world": [
      0.8010774925031935,
      -0.5866853822161098,
      0.11863858267331573
    ],
    "optimized_axis_sign_override": null,
    "optimized_branch_shift_mm": null,
    "optimized_objective": null,
    "optimized_roll_offset_deg": null,
    "voxel_contact_to_airway_distance_mm": 0.0,
    "voxel_nUS_world": [
      0.6441022771914803,
      -0.741977010437928,
      0.18601712958312325
    ],
    "voxel_refined_contact_world": [
      -4.894843027755322,
      -161.67966138618476,
      1214.2596537255988
    ],
    "voxel_refinement_method": "ct_threshold_wall_search",
    "voxel_to_mesh_contact_distance_mm": 1.1092407785514256,
    "voxel_wall_normal_world": [
      0.7012069614486696,
      -0.7083373545344648,
      0.08103696309117243
    ],
    "warnings": []
  },
  "preset_id": "station_4l_node_b",
  "preset_override_applied": true,
  "preset_override_axis_sign_override": null,
  "preset_override_branch_hint": null,
  "preset_override_branch_shift_mm": null,
  "preset_override_cutaway_side": null,
  "preset_override_notes": null,
  "preset_override_reference_fov_mm": null,
  "preset_override_roll_offset_deg": 0.0,
  "preset_override_vessel_overlays": [
    "aorta",
    "pulmonary_artery",
    "left_atrium"
  ],
  "reference_fov_mm": 100.0,
  "reference_plane": "probe_ray_domain_nUS_nB",
  "refine_contact_enabled": true,
  "refined_contact_to_airway_distance_mm": 0.03262127816559435,
  "refined_contact_world": [
    -4.689908484269838,
    -161.10257200338617,
    1213.334783582309
  ],
  "roll_deg": 0.0,
  "sector_angle_deg": 60.0,
  "seed": 920786121,
  "show_frustum": false,
  "show_full_airway": false,
  "show_legend": false,
  "simulated_ebus_enabled": true,
  "single_vessel_name": null,
  "slice_samples": 5,
  "slice_thickness_mm": 4.0,
  "source_oblique_size_mm": 51.79,
  "source_plane": "probe_ray_domain_nUS_nB",
  "station_overlay_enabled": false,
  "target_in_default_forward_hemisphere": true,
  "target_overlay_enabled": false,
  "target_world": [
    13.68159584204524,
    -173.55347636539645,
    1214.2044049702147
  ],
  "tip_start_world": [
    -7.695376892942226,
    -162.4545773281387,
    1218.348688372621
  ],
  "training_use": "CT-derived simulated CP-EBUS B-mode for orientation training; not clinically validated.",
  "vessel_overlay_names": [],
  "view_kind": "physics_bmode",
  "virtual_ebus_enabled": false,
  "voxel_refined_contact_to_airway_distance_mm": 0.0,