{
  "airway_lumen_overlay_enabled": false,
  "airway_overlay_enabled": false,
  "airway_wall_overlay_enabled": false,
  "approach": "default",
  "attenuation": 0.15,
  "case_id": "3D_slicer_files",
  "centerline_projection_distance_mm": 6.348087685040639,
  "contact_overlay_enabled": false,
  "contact_refinement_method": "raw_mesh_projection_search",
  "contact_to_airway_distance_mm": 0.007590374900418614,
  "contact_world": [
    -9.39837405999224,
    -176.23486067493909,
    1282.9947772408584
  ],
  "cutaway_depth_mm": 0.0,
  "cutaway_mesh_source": "none",
  "cutaway_mode": "lateral",
  "cutaway_normal": [
    0.6789299325868806,
    0.7135994924086475,
    0.17271337838075665
  ],
  "cutaway_open_side": "left",
  "cutaway_origin": [
    -9.39837405999224,
    -176.23486067493909,
    1282.9947772408584
  ],
  "cutaway_origin_mode": "contact",
  "cutaway_side": "auto",
  "cutaway_side_source": "physics_placeholder",
  "device_axes": {
    "display_lateral": [
      0.0537244755718734,
      -0.28289440267144395,
      0.9576452566904377
    ],
    "nB": [
      -0.0537244755718734,
      0.28289440267144395,
      -0.9576452566904377
    ],
    "nC": [
      -0.3009235503404137,
      0.48503281452070635,
      -0.8210896331635437
    ],
    "nUS": [
      -0.7322348170922364,
      0.640895093889232,
      0.23040323623293893
    ],
    "wall_normal": [
      -0.731055762005371,
      0.6352906954066201,
      0.24892409519473901
    ]
  },
  "device_label": "Olympus BF-UC180F-like",
  "device_model": "bf_uc180f",
  "diagnostic_panel_enabled": false,
  "diagnostic_panel_layout": [],
  "display_plane": "nUS_nB_fan",
  "engine": "physics",
  "engine_diagnostics": {
    "appearance_profile": {
      "boundary_weight": 1.7,
      "compression_percentile": 99.0,
      "log_gain": 7.5,
      "name": "review_realistic_v1",
      "output_gamma": 0.82,
      "post_blur_depth_sigma": 0.75,
      "post_blur_lateral_sigma": 0.38,
      "scatter_weight": 0.9,
      "sector_floor": 0.035,
      "target_darkening_strength": 0.16,
      "target_rim_strength": 0.07,
      "tgc_end": 1.42,
      "tgc_start": 1.0,
      "tissue_floor": 0.028,
      "vessel_suppression": 0.38,
      "wall_boundary_boost": 0.26
    },
    "artifact_settings": {
      "reverberation_strength": 0.28,
      "shadow_strength": 0.47,
      "speckle_strength": 0.22
    },
    "debug_map_paths": {},
    "eval_summary": {
      "sector": {
        "mean": 0.2091856151819229,
        "p05": 0.13278962671756744,
        "p50": 0.1850285828113556,
        "p95": 0.39415085315704346,
        "pixel_count": 131073,
        "std": 0.08046001940965652
      },
      "target": {
        "mean": 0.30471736192703247,
        "p05": 0.26959314942359924,
        "p50": 0.30062705278396606,
        "p95": 0.3488728702068329,
        "pixel_count": 7670,
        "std": 0.02673092670738697
      },
      "target_contrast_vs_sector": 0.09553174674510956,
      "vessel": {
        "mean": null,
        "p05": null,
        "p50": null,
        "p95": null,
        "pixel_count": 0,
        "std": null
      },
      "vessel_contrast_vs_sector": null,
      "wall": {
        "mean": 0.9945084452629089,
        "p05": 0.9685067534446716,
        "p50": 1.0,
        "p95": 1.0,
        "pixel_count": 114,
        "std": 0.011336926370859146
      },
      "wall_contrast_vs_sector": 0.785322830080986
    }
  },
  "engine_version": "physics-v1",
  "gain": 1.0,
  "image_size": [
    512,
    512
  ],
  "label_overlays": false,
  "manifest_path": "tools/ebus-simulator/configs/3d_slicer_files.yaml",
  "max_depth_mm": 40.0,
  "metadata_path": "sector_bmode/station_2r_node_a__default.json",
  "mode": "clean",
  "nearest_centerline_point": [
    -5.291911779639822,
    -180.2619022363761,
    1279.250471385198
  ],
  "original_contact_to_airway_distance_mm": 0.0,
  "original_contact_world": [
    -8.438694891447685,
    -175.06677891224422,
    1281.0961872222829
  ],
  "output_path": "sector_bmode/station_2r_node_a__default.png",
  "overlays_enabled": [],
  "pose_axes": {
    "depth_axis": [
      -0.8045328369960296,
      0.5567919145718581,
      0.20666319958455284
    ],
    "lateral_axis": [
      0.5911316203969508,
      0.7843355152461661,
      0.18809892846692802
    ],
    "shaft_axis": [
      -0.05736132461855567,
      0.273496916602246,
      -0.9601609839225237
    ]
  },
  "pose_comparison": {
    "branch_hint": "network:0",
    "branch_hint_applied": true,
    "branch_hint_match": true,
    "candidate_branch_graph_name": "network",
    "candidate_branch_line_index": 0,
    "final_nB_world": [
      -0.0537244755718734,
      0.28289440267144395,
      -0.9576452566904377
    ],
    "final_nC_world": [
      -0.3009235503404137,
      0.48503281452070635,
      -0.8210896331635437
    ],
    "final_nUS_world": [
      -0.7322348170922364,
      0.640895093889232,
      0.23040323623293893
    ],
    "markup_contact_world": [
      -8.438694891447685,
      -175.06677891224422,
      1281.0961872222829
    ],
    "mesh_contact_to_airway_distance_mm": 0.007590374900418614,
    "mesh_nUS_world": [
      -0.7322348170922364,
      0.640895093889232,
      0.23040323623293893
    ],
    "mesh_refined_contact_world": [
      -9.39837405999224,
      -176.23486067493909,
      1282.9947772408584
    ],
    "mesh_refinement_method": "raw_mesh_projection_search",
    "mesh_wall_normal_world": [
      -0.731055762005371,
      0.6352906954066201,
      0.24892409519473901
    ],
    "optimized_axis_sign_override": null,
    "optimized_branch_shift_mm": null,
    "optimized_objective": null,
    "optimized_roll_offset_deg": null,
    "voxel_contact_to_airway_distance_mm": 0.0,
    "voxel_nUS_world": [
      -0.8200726360198923,
      0.534680653167051,
      0.20395458018941515
    ],
    "voxel_refined_contact_world": [
      -9.81383428768131,
      -175.96255588041353,
      1283.09863842399
    ],
    "voxel_refinement_method": "ct_threshold_wall_search",
    "voxel_to_mesh_contact_distance_mm": 0.5074881745169543,
    "voxel_wall_normal_world": [
      -0.8141241086648753,
      0.5130614547642465,
      0.27197404163967126
    ],
    "warnings": []
  },
  "preset_id": "station_2r_node_a",
  "preset_override_applied": true,
  "preset_override_axis_sign_override": null,
  "preset_override_branch_hint": "network:0",
  "preset_override_branch_shift_mm": 0.0,
  "preset_override_cutaway_side": null,
  "preset_override_notes": "Flagged stabilization pass: keep refinement on the tracheal/right paratracheal branch neighborhood.",
  "preset_override_reference_fov_mm": null,
  "preset_override_roll_offset_deg": 0.0,
  "preset_override_vessel_overlays": [
    "superior_vena_cava",
    "brachiocephalic_trunk",
    "right_common_carotid_artery"
  ],
  "reference_fov_mm": 100.0,
  "reference_plane": "probe_ray_domain_nUS_nB",
  "refine_contact_enabled": true,
  "refined_contact_to_airway_distance_mm": 0.007590374900418614,
  "refined_contact_world": [
    -9.39837405999224,
    -176.23486067493909,
    1282.9947772408584
  ],
  "roll_deg": 0.0,
  "sector_angle_deg": 60.0,
  "seed": 342157451,
  "show_frustum": false,
  "show_full_airway": false,
  "show_legend": false,
  "simulated_ebus_enabled": true,
  "single_vessel_name": null,
  "slice_samples": 5,
  "slice_thickness_mm": 4.0,
  "source_oblique_size_mm": 51.79,
  "source_plane": "probe_ray_domain_nUS_nB",
  "station_overlay_enabled": false,
  "target_in_default_forward_hemisphere": true,
  "target_overlay_enabled": false,
  "target_world": [
    -13.647973590408863,
    -171.57171722444872,
    1282.8934773581566
  ],
  "tip_start_world": [
    -9.076027206561,
    -177.93222709096776,
    1288.740648781001
  ],
  "training_use": "CT-derived simulated CP-EBUS B-mode for orientation training; not clinically validated.",
  "vessel_overlay_names": [],
  "view_kind": "physics_bmode",
  "virtual_ebus_enabled": false,