{
  "airway_lumen_overlay_enabled": false,
  "airway_overlay_enabled": false,
  "airway_wall_overlay_enabled": false,
  "approach": "default",
  "attenuation": 0.15,
  "case_id": "3D_slicer_files",
  "centerline_projection_distance_mm": 3.154700656771928,
  "contact_overlay_enabled": false,
  "contact_refinement_method": "raw_mesh_projection_search",
  "contact_to_airway_distance_mm": 0.3856369592306546,
  "contact_world": [
    26.991286255460977,
    -139.93620167413252,
    1176.1195339554258
  ],
  "cutaway_depth_mm": 0.0,
  "cutaway_mesh_source": "none",
  "cutaway_mode": "lateral",
  "cutaway_normal": [
    -0.475027700568738,
    -0.5994304171273247,
    -0.644229663020059
  ],
  "cutaway_open_side": "left",
  "cutaway_origin": [
    26.991286255460977,
    -139.93620167413252,
    1176.1195339554258
  ],
  "cutaway_origin_mode": "contact",
  "cutaway_side": "auto",
  "cutaway_side_source": "physics_placeholder",
  "device_axes": {
    "display_lateral": [
      -0.5429089671505575,
      -0.37651968902111743,
      0.7506548988496351
    ],
    "nB": [
      0.5429089671505575,
      0.37651968902111743,
      -0.7506548988496351
    ],
    "nC": [
      0.7470269418359026,
      0.11223028875259938,
      -0.6552519442609899
    ],
    "nUS": [
      0.6925305315145984,
      -0.7063399314791727,
      0.14657886654666596
    ],
    "wall_normal": [
      -0.7409139469022833,
      0.6674325815468083,
      -0.07470122070919342
    ]
  },
  "device_label": "Olympus BF-UC180F-like",
  "device_model": "bf_uc180f",
  "diagnostic_panel_enabled": false,
  "diagnostic_panel_layout": [],
  "display_plane": "nUS_nB_fan",
  "engine": "physics",
  "engine_diagnostics": {
    "appearance_profile": {
      "boundary_weight": 1.7,
      "compression_percentile": 99.0,
      "log_gain": 7.5,
      "name": "review_realistic_v1",
      "output_gamma": 0.82,
      "post_blur_depth_sigma": 0.75,
      "post_blur_lateral_sigma": 0.38,
      "scatter_weight": 0.9,
      "sector_floor": 0.035,
      "target_darkening_strength": 0.16,
      "target_rim_strength": 0.07,
      "tgc_end": 1.42,
      "tgc_start": 1.0,
      "tissue_floor": 0.028,
      "vessel_suppression": 0.38,
      "wall_boundary_boost": 0.26
    },
    "artifact_settings": {
      "reverberation_strength": 0.28,
      "shadow_strength": 0.47,
      "speckle_strength": 0.22
    },
    "debug_map_paths": {},
    "eval_summary": {
      "sector": {
        "mean": 0.16843797266483307,
        "p05": 0.035033077001571655,
        "p50": 0.12826675176620483,
        "p95": 0.4207752048969269,
        "pixel_count": 131073,
        "std": 0.14091923832893372
      },
      "target": {
        "mean": 0.22162486612796783,
        "p05": 0.169703871011734,
        "p50": 0.1936589777469635,
        "p95": 0.45688435435295105,
        "pixel_count": 1317,
        "std": 0.11053001880645752
      },
      "target_contrast_vs_sector": 0.053186893463134766,
      "vessel": {
        "mean": 0.07200442999601364,
        "p05": 0.048015691339969635,
        "p50": 0.060631416738033295,
        "p95": 0.12269072979688644,
        "pixel_count": 7666,
        "std": 0.05089201778173447
      },
      "vessel_contrast_vs_sector": -0.09643354266881943,
      "wall": {
        "mean": 0.41075393557548523,
        "p05": 0.05728539079427719,
        "p50": 0.3432099521160126,
        "p95": 0.9786185622215271,
        "pixel_count": 9784,
        "std": 0.2789441645145416
      },
      "wall_contrast_vs_sector": 0.24231596291065216
    }
  },
  "engine_version": "physics-v1",
  "gain": 1.0,
  "image_size": [
    512,
    512
  ],
  "label_overlays": false,
  "manifest_path": "tools/ebus-simulator/configs/3d_slicer_files.yaml",
  "max_depth_mm": 40.0,
  "metadata_path": "sector_bmode/station_11l_node_a__default.json",
  "mode": "clean",
  "nearest_centerline_point": [
    26.90923500061035,
    -143.4440460205078,
    1179.7337646484375
  ],
  "original_contact_to_airway_distance_mm": 0.0,
  "original_contact_world": [
    28.850094766006293,
    -144.1040912632297,
    1182.1315844670362
  ],
  "output_path": "sector_bmode/station_11l_node_a__default.png",
  "overlays_enabled": [],
  "pose_axes": {
    "depth_axis": [
      0.7010074884431248,
      -0.7099308440118717,
      0.06772516420987054
    ],
    "lateral_axis": [
      -0.4872764300811473,
      -0.5461531733145703,
      -0.681379770734205
    ],
    "shaft_axis": [
      0.5207208290764209,
      0.44465144551549196,
      -0.7287900316050903
    ]
  },
  "pose_comparison": {
    "branch_hint": "network:6",
    "branch_hint_applied": true,
    "branch_hint_match": true,
    "candidate_branch_graph_name": "network",
    "candidate_branch_line_index": 6,
    "final_nB_world": [
      0.5429089671505575,
      0.37651968902111743,
      -0.7506548988496351
    ],
    "final_nC_world": [
      0.7470269418359026,
      0.11223028875259938,
      -0.6552519442609899
    ],
    "final_nUS_world": [
      0.6925305315145984,
      -0.7063399314791727,
      0.14657886654666596
    ],
    "markup_contact_world": [
      28.850094766006293,
      -144.1040912632297,
      1182.1315844670362
    ],
    "mesh_contact_to_airway_distance_mm": 0.3856369592306546,
    "mesh_nUS_world": [
      0.6925305315145984,
      -0.7063399314791727,
      0.14657886654666596
    ],
    "mesh_refined_contact_world": [
      26.991286255460977,
      -139.93620167413252,
      1176.1195339554258
    ],
    "mesh_refinement_method": "raw_mesh_projection_search",
    "mesh_wall_normal_world": [
      -0.7409139469022833,
      0.6674325815468083,
      -0.07470122070919342
    ],
    "optimized_axis_sign_override": null,
    "optimized_branch_shift_mm": null,
    "optimized_objective": null,
    "optimized_roll_offset_deg": null,
    "voxel_contact_to_airway_distance_mm": 1.799335950644362,
    "voxel_nUS_world": [
      0.812017949222593,
      -0.4633407864984155,
      0.35488331280487706
    ],
    "voxel_refined_contact_world": [
      24.022476049454205,
      -138.45159441355807,
      1175.4093297887757
    ],
    "voxel_refinement_method": "ct_threshold_wall_search",
    "voxel_to_mesh_contact_distance_mm": 3.394448808830015,
    "voxel_wall_normal_world": [
      -0.7980780418461579,
      0.47268241111367004,
      -0.37368807493251577
    ],
    "warnings": []
  },
  "preset_id": "station_11l_node_a",
  "preset_override_applied": true,
  "preset_override_axis_sign_override": null,
  "preset_override_branch_hint": "network:6",
  "preset_override_branch_shift_mm": 4.0,
  "preset_override_cutaway_side": null,
  "preset_override_notes": "Flagged stabilization pass: keep refinement on the left hilar/interlobar branch neighborhood.",
  "preset_override_reference_fov_mm": null,
  "preset_override_roll_offset_deg": 0.0,
  "preset_override_vessel_overlays": [
    "pulmonary_artery",
    "pulmonary_venous_system",
    "left_atrium"
  ],
  "reference_fov_mm": 100.0,
  "reference_plane": "probe_ray_domain_nUS_nB",
  "refine_contact_enabled": true,
  "refined_contact_to_airway_distance_mm": 0.3856369592306546,
  "refined_contact_world": [
    26.991286255460977,
    -139.93620167413252,
    1176.1195339554258
  ],
  "roll_deg": 0.0,
  "sector_angle_deg": 60.0,
  "seed": 2306409930,
  "show_frustum": false,
  "show_full_airway": false,
  "show_legend": false,
  "simulated_ebus_enabled": true,
  "single_vessel_name": null,
  "slice_samples": 5,
  "slice_thickness_mm": 4.0,
  "source_oblique_size_mm": 51.79,
  "source_plane": "probe_ray_domain_nUS_nB",
  "station_overlay_enabled": false,
  "target_in_default_forward_hemisphere": true,
  "target_overlay_enabled": false,
  "target_world": [
    34.898386391024445,
    -148.92565036362996,
    1181.6709307147491
  ],
  "tip_start_world": [
    23.733832452557632,
    -142.19531980825923,
    1180.6234633485237
  ],
  "training_use": "CT-derived simulated CP-EBUS B-mode for orientation training; not clinically validated.",